{"type":"FeatureCollection", "features": [
{"type":"Feature","geometry":{"type":"Polygon","coordinates":[[[36.908086312483185,-1.161573011679254],[36.889104379483165,-1.174329359679237],[36.87854529648319,-1.196363050679227],[36.866338265483186,-1.192151625679233],[36.863896859483184,-1.190442640679239],[36.852727425483174,-1.202649672679231],[36.850713265483186,-1.208570082679219],[36.79932166448315,-1.195264418679247],[36.787724984483184,-1.198560316679223],[36.78174353948315,-1.221753675679227],[36.770513070483155,-1.226270277679251],[36.7459159024832,-1.23713453567922],[36.738530648483156,-1.236280043679247],[36.72852088248316,-1.241651136679254],[36.72553016048317,-1.251538832679219],[36.7217459804832,-1.258130629679274],[36.707097543483194,-1.259351332679219],[36.70154334348319,-1.261670668679247],[36.69409705448316,-1.263928968679241],[36.69189978948315,-1.275464613679221],[36.689702523483156,-1.279248793679247],[36.681706918483194,-1.298047621679248],[36.67432166448315,-1.307263929679268],[36.670903695483155,-1.306043226679267],[36.664128793483194,-1.319654066679223],[36.67554236748315,-1.330274183679253],[36.686528695483155,-1.339978773679266],[36.689885629483165,-1.347669203679234],[36.7027030114832,-1.352246839679256],[36.709538949483196,-1.358167250679233],[36.71893836348317,-1.36634596167926],[36.734929574483196,-1.378430922679231],[36.75049353948315,-1.384534437679238],[36.76068641048317,-1.385083754679274],[36.7869315274832,-1.38783033667926],[36.8198905114832,-1.381543714679256],[36.8299002774832,-1.387647230679252],[36.890691293483194,-1.413770277679251],[36.909490121483195,-1.422864515679239],[36.941106332483166,-1.432935316679223],[36.95111609748317,-1.437940199679249],[36.958318246483195,-1.441663343679241],[36.959538949483196,-1.436536390679239],[36.947515023483156,-1.421948988679221],[36.93213416448315,-1.398267347679225],[36.923894418483194,-1.393933851679267],[36.91693641048317,-1.37775953567922],[36.9072928554832,-1.363355238679221],[36.93451453548317,-1.338758070679264],[36.9636893394832,-1.351331312679238],[36.97412635148316,-1.33704908667926],[36.98431922248317,-1.314832289679262],[36.99548865648318,-1.281446058679253],[37.066106332483166,-1.301343519679224],[37.07690955448316,-1.28626783667926],[37.085088265483186,-1.279431898679266],[37.097539437483185,-1.274060804679268],[37.10388709348319,-1.264844496679248],[37.08752967148319,-1.248975355679252],[37.07031775748316,-1.217664320679264],[37.054936898483156,-1.206861097679225],[37.02393103948315,-1.223828871679248],[37.013738168483194,-1.23158033667926],[37.001103890483186,-1.234754164679262],[36.99768592148319,-1.233350355679252],[36.991887582483166,-1.225354750679233],[36.964543832483166,-1.228833754679274],[36.947515023483156,-1.225965101679267],[36.93909217148319,-1.222180922679231],[36.925115121483195,-1.218152601679267],[36.922124398483156,-1.217176039679262],[36.91650916448315,-1.212476332679219],[36.915898812483185,-1.204663832679219],[36.91791297248317,-1.20228346167926],[36.940740121483195,-1.177930433679253],[36.9382987144832,-1.171948988679221],[36.9307303554832,-1.168836195679264],[36.91229773848317,-1.161450941679223],[36.908086312483185,-1.161573011679254]]]},"properties":{"OBJECTID":1,"ID_":5543,"COUNTY_NAM":"NAIROBI","CONST_CODE":288,"CONSTITUEN":"KAMUKUNJI","COUNTY_COD":47,"Shape_Leng":1.55978672217,"Shape_Area":0.057422949}},
{"type":"Feature","geometry":{"type":"Polygon","coordinates":[[[39.68311072648316,-4.060742933679253],[39.70313025748316,-4.058057386679255],[39.76209021848319,-3.961133558679254],[39.714910043483194,-3.952649672679232],[39.686101449483196,-3.925550062679239],[39.676946175483174,-3.92426832467925],[39.65674353948315,-3.924451429679269],[39.643132699483196,-3.928235609679238],[39.6475272304832,-3.951856214679257],[39.64130164448317,-3.960034925679228],[39.62732459348319,-3.965467054679269],[39.6011405114832,-3.953260023679267],[39.5842948084832,-3.967847425679228],[39.57050086348317,-3.982129652679252],[39.56970740648318,-3.997754652679252],[39.56909705448316,-4.002881605679252],[39.5679373864832,-4.010877211679261],[39.563115609483184,-4.022046644679224],[39.580693734483184,-4.041883070679265],[39.58374549248315,-4.112439711679261],[39.58411170348318,-4.119458754679275],[39.607305062483185,-4.094861586679261],[39.61591101948317,-4.098157484679237],[39.63031531648317,-4.113843519679224],[39.6384940274832,-4.121167738679222],[39.627507699483196,-4.144666273679266],[39.64453650748316,-4.153638441679223],[39.68311072648316,-4.060742933679253]]]},"properties":{"OBJECTID":2,"ID_":6634,"COUNTY_NAM":"MOMBASA","CONST_CODE":3,"CONSTITUEN":"KISAUNI","COUNTY_COD":1,"Shape_Leng":0.88558616055,"Shape_Area":0.02332510618}},
{"type":"Feature","geometry":{"type":"Polygon","coordinates":[[[39.320928109483184,-3.570447523679267],[39.318913949483196,-3.566968519679225],[39.28333045348318,-3.572034437679239],[39.1760916834832,-3.571729261679256],[39.08789588248316,-3.572034437679239],[39.07349158648321,-3.627454359679238],[39.05713416448315,-3.686048109679238],[38.96570350048318,-3.641553480679253],[38.936528695483155,-3.690381605679253],[39.03552771848319,-3.761731703679235],[38.96552039448317,-3.919873793679248],[38.94672156648317,-3.962232191679224],[38.88171912548318,-3.984571058679254],[38.81909705448316,-4.007337172679232],[38.764104379483165,-4.026929457679219],[38.45288611748315,-4.138074476679267],[38.60834266048317,-4.253369886679255],[38.97553016048317,-4.510144789679262],[39.21674109748317,-4.679273207679219],[39.31512976948317,-4.801282484679237],[39.38153601948317,-4.759839613679222],[39.54834510148316,-4.57215650767927],[39.612493050483174,-4.488477308679253],[39.7393241054832,-4.198255140679239],[39.66473914448317,-4.168958265679239],[39.627507699483196,-4.144666273679266],[39.6384940274832,-4.121167738679222],[39.63031531648317,-4.113843519679224],[39.61591101948317,-4.098157484679237],[39.607305062483185,-4.094861586679261],[39.58411170348318,-4.119458754679275],[39.58374549248315,-4.112439711679261],[39.580693734483184,-4.041883070679265],[39.563115609483184,-4.022046644679224],[39.5679373864832,-4.010877211679261],[39.56909705448316,-4.002881605679252],[39.56970740648318,-3.997754652679252],[39.566106332483166,-3.99067457467925],[39.555120004483165,-3.986646254679275],[39.548711312483185,-3.991040785679221],[39.540898812483185,-3.989942152679252],[39.547124398483156,-3.962537367679264],[39.53192664448317,-3.954236586679262],[39.520696175483174,-3.923230726679268],[39.51929236748315,-3.916761000679234],[39.50073767948316,-3.904676039679263],[39.497930062483185,-3.89356764067924],[39.4905448084832,-3.884534437679239],[39.480718148483156,-3.876477797679232],[39.45154334348319,-3.855664808679254],[39.43689490648318,-3.83942945767922],[39.4207205894832,-3.824170668679248],[39.40112830448316,-3.827344496679249],[39.38672400748316,-3.81544264067924],[39.3819022304832,-3.799573500679234],[39.39209510148316,-3.769849379679275],[39.391911996483195,-3.74653394967925],[39.388738168483194,-3.73927076567924],[39.36414100048318,-3.736280043679248],[39.36011267948316,-3.732678968679242],[39.35791541448315,-3.72614820767922],[39.35028601948317,-3.707776625679234],[39.34833289448317,-3.697949964679257],[39.352544320483155,-3.69434889067924],[39.35614539448317,-3.660352308679254],[39.3552909024832,-3.650037367679264],[39.347722543483194,-3.607740004679275],[39.33533240648318,-3.592359144679225],[39.32434607848318,-3.584058363679223],[39.320928109483184,-3.570447523679267]]]},"properties":{"OBJECTID":3,"ID_":6600,"COUNTY_NAM":"KWALE","CONST_CODE":10,"CONSTITUEN":"KINANGO","COUNTY_COD":2,"Shape_Leng":4.28418177601,"Shape_Area":0.75826601303}},
{"type":"Feature","geometry":{"type":"Polygon","coordinates":[[[39.71112586348317,-3.91114576567924],[39.715093148483156,-3.951673109679238],[39.7659354334832,-3.952649672679232],[39.8289237144832,-3.825879652679252],[39.870305550483174,-3.699536879679275],[39.86591101948317,-3.637464125679234],[39.9019217614832,-3.569165785679221],[39.92554236748315,-3.495862562679239],[39.967900765483186,-3.407483656679236],[39.93750525748316,-3.351270277679252],[39.9736991054832,-3.321668226679268],[39.9924979334832,-3.353650648679267],[39.977727425483174,-3.38715894967925],[40.11951209348319,-3.29145582467925],[40.132695687483185,-3.256055433679254],[40.12549353948315,-3.190381605679253],[40.163945687483185,-3.129834730679253],[40.16010047248317,-3.080274183679254],[40.19012976948317,-2.985852797679232],[40.16553260148316,-2.948865492679264],[40.17310096148321,-2.85505445767922],[40.19531775748316,-2.743665297679232],[40.179936898483156,-2.71833570767922],[39.97211219148317,-2.423841078679235],[39.8928885584832,-2.311658461679262],[39.67773963248316,-2.556165297679232],[39.66888953548317,-2.566480238679223],[39.22351600048318,-3.068250257679271],[39.20892859748317,-3.110730726679268],[39.124700082483166,-3.428662855679253],[39.11108924248315,-3.481031019679225],[39.10492469148317,-3.507031996679249],[39.09570838248316,-3.541761000679234],[39.08789588248316,-3.572034437679239],[39.1760916834832,-3.571729261679256],[39.28333045348318,-3.572034437679239],[39.318913949483196,-3.566968519679225],[39.320928109483184,-3.570447523679267],[39.32434607848318,-3.584058363679223],[39.33533240648318,-3.592359144679225],[39.347722543483194,-3.607740004679275],[39.3552909024832,-3.650037367679264],[39.35614539448317,-3.660352308679254],[39.352544320483155,-3.69434889067924],[39.34833289448317,-3.697949964679257],[39.35028601948317,-3.707776625679234],[39.35791541448315,-3.72614820767922],[39.36011267948316,-3.732678968679242],[39.36414100048318,-3.736280043679248],[39.388738168483194,-3.73927076567924],[39.391911996483195,-3.74653394967925],[39.39209510148316,-3.769849379679275],[39.3819022304832,-3.799573500679234],[39.38672400748316,-3.81544264067924],[39.40112830448316,-3.827344496679249],[39.4207205894832,-3.824170668679248],[39.43689490648318,-3.83942945767922],[39.45154334348319,-3.855664808679254],[39.480718148483156,-3.876477797679232],[39.4905448084832,-3.884534437679239],[39.497930062483185,-3.89356764067924],[39.50073767948316,-3.904676039679263],[39.51929236748315,-3.916761000679234],[39.520696175483174,-3.923230726679268],[39.53192664448317,-3.954236586679262],[39.547124398483156,-3.962537367679264],[39.540898812483185,-3.989942152679252],[39.548711312483185,-3.991040785679221],[39.555120004483165,-3.986646254679275],[39.566106332483166,-3.99067457467925],[39.57050086348317,-3.982129652679252],[39.5842948084832,-3.967847425679228],[39.6011405114832,-3.953260023679267],[39.62732459348319,-3.965467054679269],[39.64130164448317,-3.960034925679228],[39.6475272304832,-3.951856214679257],[39.643132699483196,-3.928235609679238],[39.65674353948315,-3.924451429679269],[39.676946175483174,-3.92426832467925],[39.686101449483196,-3.925550062679239],[39.71112586348317,-3.91114576567924]]]},"properties":{"OBJECTID":4,"ID_":6731,"COUNTY_NAM":"KILIFI","CONST_CODE":13,"CONSTITUEN":"KALOLENI","COUNTY_COD":3,"Shape_Leng":5.33308007101,"Shape_Area":1.02533838151}},
{"type":"Feature","geometry":{"type":"Polygon","coordinates":[[[39.036321175483174,-0.004163343679241],[38.972722543483194,-0.014966566679223],[38.962102425483174,-0.020948011679254],[38.929936898483156,-0.044751722679225],[38.91150428148318,-0.042554457679219],[38.878118050483174,-0.05384596167926],[38.866521371483195,-0.053052504679217],[38.76172400748316,-0.028577406679235],[38.7503104334832,-0.03596266067922],[38.7515311364832,-0.03895338267927],[38.75189734748317,-0.046277601679267],[38.763738168483194,-0.06043775767927],[38.7612967614832,-0.067151625679233],[38.722539437483185,-0.066541273679266],[38.71112586348317,-0.063367445679264],[38.694341195483155,-0.049329359679237],[38.68591834348319,-0.046338636679254],[38.68530799248315,-0.053479750679233],[38.67712928148318,-0.05744703567922],[38.63672400748316,-0.055860121679248],[38.63049842148319,-0.04853590267925],[38.621526254483165,-0.03986891067922],[38.612309945483155,-0.032666761679254],[38.57971717148319,-0.026929457679219],[38.56531287548318,-0.021131117679263],[38.561711800483174,-0.022046644679224],[38.55170203548317,-0.020459730679252],[38.51953650748316,-0.065442640679239],[38.50269080448316,-0.065869886679254],[38.45251990648318,-0.086682875679233],[38.442693246483195,-0.07783277767925],[38.43433142948316,-0.078565199679249],[38.426946175483174,-0.077466566679223],[38.46814490648318,-0.154431898679266],[38.480535043483194,-0.175061781679235],[38.496343148483156,-0.202344496679248],[38.539128793483194,-0.274060804679268],[38.6343436364832,-0.435742933679253],[38.66333533648321,-0.48518141067922],[38.765508187483185,-0.658948500679233],[38.806890023483156,-0.728772718679241],[38.9382987144832,-1.003552992679263],[38.96234656648317,-1.05457838267927],[38.99750281648317,-1.635266859679237],[38.98132850048318,-1.691541273679266],[38.9658866054832,-1.699658949679249],[38.95990516048317,-1.704175550679227],[39.00793982848318,-1.889051039679262],[39.0003104334832,-1.948255140679239],[38.930303109483184,-2.084058363679223],[38.7966971524832,-2.343457777679252],[38.793523324483196,-2.343946058679254],[38.737493050483174,-2.369153578679235],[38.73389197648316,-2.38044508267922],[38.713506234483184,-2.399365980679253],[38.6384940274832,-2.418042738679223],[38.627934945483155,-2.413770277679252],[38.62494422248317,-2.414563734679238],[39.079106820483155,-3.044568617679264],[39.080693734483184,-3.048535902679252],[39.11414100048318,-3.026746351679268],[39.126286996483195,-3.021863539679263],[39.13031531648317,-3.022351820679265],[39.132146371483195,-3.031079847679226],[39.14771033648321,-3.049634535679221],[39.164311898483156,-3.063184339679257],[39.21552039448317,-3.067639906679236],[39.22351600048318,-3.068250257679271],[39.66888953548317,-2.566480238679223],[39.67773963248316,-2.556165297679232],[39.8928885584832,-2.311658461679262],[39.97211219148317,-2.423841078679235],[40.179936898483156,-2.71833570767922],[40.1951346524832,-2.736524183679254],[40.2625174644832,-2.653272230679253],[40.37048865648318,-2.578260023679267],[40.44031287548318,-2.547254164679263],[40.523686898483156,-2.527173597679226],[40.607121957483166,-2.560437757679271],[40.64349891048317,-2.538159925679228],[40.70990516048317,-2.46247633267922],[40.663091195483155,-2.468579847679226],[40.648503793483194,-2.463941175679228],[40.6052909024832,-2.451062757679271],[40.60010291448315,-2.449353773679267],[40.53729773848317,-2.430249769679225],[40.53272010148316,-2.428662855679253],[40.50989295348318,-2.421643812679239],[40.46552039448317,-2.408277113679223],[40.449101937483185,-2.40333326567924],[40.446294320483155,-2.405774672679232],[40.43591834348319,-2.415967543679248],[40.431523812483185,-2.419141371679249],[40.42773963248316,-2.420056898679267],[40.4007010584832,-2.433240492679264],[40.36853553148318,-2.421033461679262],[40.358525765483186,-2.417249281679236],[40.3552909024832,-2.414563734679238],[40.349492562483185,-2.403150160679221],[40.34589148848317,-2.401074964679257],[40.273686898483156,-2.400647718679242],[40.25092078548317,-2.385633070679265],[40.251103890483186,-2.373670179679269],[40.25092078548317,-2.306836683679254],[40.251103890483186,-2.250562269679225],[40.2471366054832,-2.231763441679224],[40.233525765483186,-2.154859144679225],[40.22528601948317,-2.108472425679228],[40.219914925483174,-2.077466566679224],[40.20892859748317,-2.024549086679262],[40.19812537548318,-1.98518141067922],[40.1882987144832,-1.966565687679238],[40.18689490648318,-1.959973890679239],[40.19031287548318,-1.932080824679249],[40.189336312483185,-1.925061781679235],[40.18768836348317,-1.905347425679227],[40.1885428554832,-1.886975843679241],[40.1629080894832,-1.815137464679256],[40.162541879483165,-1.800183851679267],[40.1585135584832,-1.764661390679239],[40.16473914448317,-1.748365004679274],[40.168523324483196,-1.719434339679256],[40.161138070483155,-1.706983168679247],[40.159307015483186,-1.702039320679264],[40.15833045348318,-1.688062269679224],[40.160710824483196,-1.656079847679225],[40.15991736748315,-1.638379652679251],[40.15833045348318,-1.627576429679268],[40.154912484483184,-1.612073500679233],[40.14014197648316,-1.584729750679233],[40.13049842148319,-1.576245863679221],[40.12573767948316,-1.571363050679227],[40.120305550483174,-1.563672621679248],[40.11469031648317,-1.552259047679231],[40.108525765483186,-1.529553968679241],[40.10669471148321,-1.516065199679249],[40.097905648483156,-1.497876722679225],[40.088323129483165,-1.478833754679274],[40.086492074483196,-1.466931898679266],[40.07190467148319,-1.393933851679267],[40.0623221524832,-1.346753675679227],[40.061528695483155,-1.341565687679238],[40.051335824483196,-1.321363050679227],[40.05029822648316,-1.318433363679221],[40.051335824483196,-1.29603346167926],[40.053716195483155,-1.286878187679238],[40.05811072648316,-1.264234144679224],[40.039495004483165,-1.202161390679239],[40.01611853948315,-1.170178968679241],[40.00549842148319,-1.146253187679238],[39.94189978948315,-1.017163832679219],[39.93549109748317,-1.006238539679262],[39.93689490648318,-0.99525221167926],[39.926335824483196,-0.941663343679241],[39.9229178554832,-0.92744215267925],[39.90570594148317,-0.901563246679248],[39.901494515483186,-0.835767347679225],[39.87231971148321,-0.776563246679248],[39.865300668483194,-0.76673658667926],[39.86890174248315,-0.741468031679235],[39.84271766048317,-0.659131605679252],[39.8367362144832,-0.647168714679256],[39.828740609483184,-0.637464125679233],[39.82190467148319,-0.629956800679227],[39.82050086348317,-0.621656019679224],[39.8211112144832,-0.601331312679238],[39.80994178148318,-0.584058363679221],[39.80029822648316,-0.578076918679246],[39.76514197648316,-0.554456312679238],[39.7261405114832,-0.544568617679263],[39.72632361748315,-0.533582289679262],[39.69330359748317,-0.495557386679254],[39.63171912548318,-0.475537855679252],[39.633916390483186,-0.45887525767927],[39.62671424248315,-0.433362562679238],[39.62689734748317,-0.321668226679267],[39.588140023483156,-0.276868422679231],[39.57471228948315,-0.262647230679252],[39.51050330448316,-0.204846937679238],[39.49750281648317,-0.190930922679231],[39.4483084804832,-0.15205152767925],[39.3875174644832,-0.127637464679256],[39.37592078548317,-0.122571547679231],[39.31268836348317,-0.090161879679217],[39.2847342614832,-0.094251234679237],[39.28070594148317,-0.094739515679239],[39.26190711348317,-0.095532972679225],[39.23193885148316,-0.087842543679246],[39.22553016048317,-0.087964613679221],[39.21753455448316,-0.089063246679248],[39.1397147304832,-0.068982679679268],[39.11151648848317,-0.034558851679267],[39.098943246483195,-0.01673658667926],[39.08130408648321,-0.006848890679239],[39.072331918483194,-0.005384047679231],[39.064702523483156,-0.00575025767927],[39.0523123864832,-0.007459242679263],[39.043523324483196,-0.005445082679219],[39.036321175483174,-0.004163343679241]]]},"properties":{"OBJECTID":5,"ID_":5806,"COUNTY_NAM":"TANA RIVER","CONST_CODE":19,"CONSTITUEN":"GALOLE","COUNTY_COD":4,"Shape_Leng":10.2804493709,"Shape_Area":3.18421263617}},
{"type":"Feature","geometry":{"type":"Polygon","coordinates":[[[40.70990516048317,-2.46247633267922],[40.753118050483174,-2.457959730679253],[40.80609656648317,-2.597730238679223],[41.16211463248316,-2.315747816679224],[41.349492562483185,-2.137342054679269],[41.56531287548318,-1.849439222679225],[41.569341195483155,-1.737744886679254],[41.563115609483184,-1.66096266067922],[41.53369666448315,-1.662183363679221],[41.3386893394832,-1.67957838267927],[41.07751990648318,-1.701856214679256],[41.01849891048317,-1.707654554679268],[40.89349891048317,-1.71864088267927],[40.8674979334832,-1.73127516067922],[40.83789588248316,-1.746167738679221],[40.797307504483165,-1.765454847679225],[40.50092078548317,-1.909131605679252],[40.40393592148319,-1.949658949679249],[40.290898812483185,-2.002637464679257],[40.2183280114832,-2.036756117679264],[40.219914925483174,-2.077466566679224],[40.22528601948317,-2.108472425679228],[40.233525765483186,-2.154859144679225],[40.2471366054832,-2.231763441679224],[40.251103890483186,-2.250562269679225],[40.25092078548317,-2.306836683679254],[40.251103890483186,-2.373670179679269],[40.25092078548317,-2.385633070679265],[40.273686898483156,-2.400647718679242],[40.34589148848317,-2.401074964679257],[40.349492562483185,-2.403150160679221],[40.3552909024832,-2.414563734679238],[40.358525765483186,-2.417249281679236],[40.36853553148318,-2.421033461679262],[40.4007010584832,-2.433240492679264],[40.42773963248316,-2.420056898679267],[40.431523812483185,-2.419141371679249],[40.43591834348319,-2.415967543679248],[40.446294320483155,-2.405774672679232],[40.449101937483185,-2.40333326567924],[40.46552039448317,-2.408277113679223],[40.50989295348318,-2.421643812679239],[40.53272010148316,-2.428662855679253],[40.53729773848317,-2.430249769679225],[40.60010291448315,-2.449353773679267],[40.6052909024832,-2.451062757679271],[40.648503793483194,-2.463941175679228],[40.663091195483155,-2.468579847679226],[40.70990516048317,-2.46247633267922]]]},"properties":{"OBJECTID":6,"ID_":6276,"COUNTY_NAM":"LAMU","CONST_CODE":22,"CONSTITUEN":"LAMU WEST","COUNTY_COD":5,"Shape_Leng":3.74468915941,"Shape_Area":0.74374311266}},
{"type":"Feature","geometry":{"type":"Polygon","coordinates":[[[38.2158866054832,-2.72755201567924],[38.170903695483155,-2.69825514067924],[38.163091195483155,-2.695447523679267],[38.158086312483185,-2.69294508267922],[38.15131141048317,-2.701062757679271],[38.14734412548318,-2.701245863679223],[38.131108773483156,-2.700269300679228],[38.127934945483155,-2.701428968679242],[38.1065116054832,-2.719434339679257],[37.97510291448315,-2.789868910679221],[37.949101937483185,-2.777967054679269],[37.933293832483166,-2.798352797679232],[37.922490609483184,-2.851941664679263],[37.918523324483196,-2.870862562679239],[37.895085824483196,-2.888135511679256],[37.882146371483195,-2.995557386679256],[37.880925668483194,-3.002637464679257],[37.876286996483195,-3.037183363679223],[37.87573767948316,-3.043469984679238],[37.871343148483156,-3.079969007679271],[37.85474158648315,-3.089368422679232],[37.854497445483155,-3.145154554679269],[37.84412146848319,-3.187146742679264],[37.839910043483194,-3.188855726679268],[37.831731332483166,-3.186841566679224],[37.8054862144832,-3.170667250679234],[37.798711312483185,-3.173230726679268],[37.692693246483195,-3.177564222679226],[37.711492074483196,-3.308667738679223],[37.585088265483186,-3.440564711679262],[37.623296273483156,-3.467176039679263],[37.616521371483195,-3.52583082467925],[37.672124398483156,-3.505567152679252],[37.74414588248316,-3.543836195679265],[37.77271033648315,-3.592542250679234],[37.785710824483196,-3.676831800679228],[38.061528695483155,-3.868360121679249],[38.4461112144832,-4.140149672679232],[38.45288611748315,-4.138074476679267],[38.764104379483165,-4.026929457679219],[38.81909705448316,-4.007337172679232],[38.88171912548318,-3.984571058679254],[38.94672156648317,-3.961865980679253],[38.96552039448317,-3.919873793679248],[39.03552771848319,-3.761731703679235],[38.936528695483155,-3.690381605679253],[38.96570350048318,-3.641553480679253],[39.05713416448315,-3.686048109679238],[39.07349158648321,-3.627454359679238],[39.09570838248316,-3.541761000679234],[39.10492469148317,-3.507031996679249],[39.11108924248315,-3.481031019679225],[39.124700082483166,-3.428662855679253],[39.20892859748317,-3.110730726679268],[39.21552039448317,-3.067639906679236],[39.164311898483156,-3.063184339679257],[39.14771033648321,-3.049634535679221],[39.132146371483195,-3.031079847679226],[39.13031531648317,-3.022351820679265],[39.126286996483195,-3.021863539679263],[39.11414100048318,-3.026746351679268],[39.080693734483184,-3.048535902679252],[39.07611609748317,-3.043164808679254],[39.06592322648316,-3.043653089679257],[39.05469275748316,-3.03614576567924],[39.045537484483184,-3.024549086679262],[39.0413260584832,-3.025952894679225],[39.0281424644832,-3.023267347679226],[39.0191092614832,-3.026868422679232],[38.996526254483165,-3.027356703679235],[38.99213172248317,-3.028455336679262],[38.987309945483155,-3.034864027679252],[38.9749198084832,-3.041944105679253],[38.940740121483195,-3.037061293679248],[38.93750525748316,-3.036939222679226],[38.90369178148318,-3.044568617679264],[38.8797049644832,-3.049146254679275],[38.8765311364832,-3.051648695679265],[38.85193396848319,-3.062879164679263],[38.847905648483156,-3.06294019967925],[38.82611609748317,-3.063672621679249],[38.81830359748317,-3.069654066679224],[38.80994178148318,-3.059766371679249],[38.8101248864832,-3.056043226679268],[38.80054236748315,-3.05427320767922],[38.79773475048318,-3.053662855679253],[38.789495004483165,-3.050244886679256],[38.7703299644832,-3.045545179679269],[38.75330115648318,-3.048230726679268],[38.74890662548318,-3.046765882679271],[38.725713265483186,-3.039746839679257],[38.716130746483195,-3.036634047679232],[38.7049002774832,-3.034375746679249],[38.68451453548317,-3.037366468679242],[38.65430213248316,-3.027234632679271],[38.65051795348318,-3.021863539679263],[38.6428885584832,-3.014966566679224],[38.632512582483166,-3.014051039679263],[38.61011267948316,-3.009168226679268],[38.60889197648316,-2.997449476679268],[38.60230017948316,-3.001050550679228],[38.588323129483165,-2.994641859679238],[38.58350135148316,-2.989636976679268],[38.5720877774832,-2.988965589679257],[38.56873084348319,-2.988965589679257],[38.557744515483186,-2.987439711679262],[38.52271033648321,-2.977063734679238],[38.506108773483156,-2.985059339679257],[38.45154334348319,-2.979138929679269],[38.433293832483166,-2.960645277679252],[38.41351844148317,-2.934766371679249],[38.4050955894832,-2.92817457467925],[38.397099984483184,-2.929456312679239],[38.38611365648318,-2.923047621679249],[38.2581229334832,-2.759778578679235],[38.24170447648316,-2.745862562679239],[38.22553016048317,-2.734448988679223],[38.2158866054832,-2.72755201567924]]]},"properties":{"OBJECTID":7,"ID_":6467,"COUNTY_NAM":"TAITA TAVETA","CONST_CODE":24,"CONSTITUEN":"WUNDANYI","COUNTY_COD":6,"Shape_Leng":5.5844513245,"Shape_Area":1.39385877374}},
{"type":"Feature","geometry":{"type":"Polygon","coordinates":[[[39.613896859483184,0.683031480320776],[39.60510779648319,0.694628160320744],[39.5745291834832,0.740831773320733],[39.56714392948316,0.75084153832074],[39.56189490648318,0.761034410320744],[39.55951453548317,0.771227281320759],[39.490300668483194,0.964647691320747],[39.47791053148318,0.980272691320747],[39.46289588248316,0.991869370320783],[39.455144418483194,0.98662034732075],[39.3897147304832,0.963060777320775],[39.355901254483165,0.948656480320776],[39.336492074483196,0.935045640320763],[39.31970740648318,0.925646226320734],[39.23773719148317,0.841844956320754],[39.178288949483196,0.741259019320748],[39.17468787548318,0.71763841332074],[39.148137582483166,0.703051011320779],[39.1441092614832,0.69542161732073],[39.1030936364832,0.687059800320751],[39.0986991054832,0.678636949320773],[39.06250525748316,0.680651109320761],[39.0554862144832,0.683824937320762],[39.012700570483155,0.633226792320781],[39.010930550483174,0.622850816320747],[39.002507699483196,0.62224046432078],[38.9937186364832,0.624071519320748],[38.946294320483155,0.624254624320767],[38.9363455894832,0.622667710320738],[38.912541879483165,0.598070542320781],[38.904729379483165,0.595446031320759],[38.86133338248316,0.598070542320781],[38.814885629483165,0.565050523320733],[38.80933142948316,0.557054917320781],[38.808293832483166,0.55284349232073],[38.8023123864832,0.54802171432078],[38.77612830448316,0.517443101320734],[38.756291879483165,0.514269273320733],[38.721135629483165,0.51481858932078],[38.71692420348318,0.510240952320769],[38.6616873864832,0.507860581320754],[38.66370154648319,0.501634995320783],[38.670537484483184,0.499071519320748],[38.676946175483174,0.494066636320779],[38.68091346148321,0.470629136320779],[38.697515023483156,0.41826097232075],[38.705144418483194,0.387438218320765],[38.7092948084832,0.371447007320737],[38.71289588248316,0.357653062320762],[38.7293143394832,0.292040269320748],[38.73633338248316,0.265856187320762],[38.741887582483166,0.242845933320777],[38.748296273483156,0.21904222232075],[38.757146371483195,0.168444077320769],[38.73950721148321,0.149462144320748],[38.73132850048318,0.105272691320747],[38.729497445483155,0.08427659732075],[38.729497445483155,0.079821031320759],[38.732305062483185,0.040270249320767],[38.740117562483185,-0.001172621679248],[38.7449393394832,-0.017530043679246],[38.7490897304832,-0.022779066679223],[38.74872351948317,-0.026074964679256],[38.76172400748316,-0.028577406679235],[38.866521371483195,-0.053052504679217],[38.878118050483174,-0.05384596167926],[38.91150428148318,-0.042554457679219],[38.929936898483156,-0.044751722679225],[38.962102425483174,-0.020948011679254],[38.972722543483194,-0.014966566679223],[39.036321175483174,-0.004163343679241],[39.043523324483196,-0.005445082679219],[39.0523123864832,-0.007459242679263],[39.064702523483156,-0.00575025767927],[39.072331918483194,-0.005384047679231],[39.08130408648321,-0.006848890679239],[39.098943246483195,-0.01673658667926],[39.11151648848317,-0.034558851679267],[39.1397147304832,-0.068982679679268],[39.21753455448316,-0.089063246679248],[39.22553016048317,-0.087964613679221],[39.23193885148316,-0.087842543679246],[39.26190711348317,-0.095532972679225],[39.28070594148317,-0.094739515679239],[39.2847342614832,-0.094251234679237],[39.31268836348317,-0.090161879679217],[39.37592078548317,-0.122571547679231],[39.3875174644832,-0.127637464679256],[39.4483084804832,-0.15205152767925],[39.49750281648317,-0.190930922679231],[39.51050330448316,-0.204846937679238],[39.57471228948315,-0.262647230679252],[39.588140023483156,-0.276868422679231],[39.62689734748317,-0.321668226679267],[39.62671424248315,-0.433362562679238],[39.633916390483186,-0.45887525767927],[39.63171912548318,-0.475537855679252],[39.69330359748317,-0.495557386679254],[39.72632361748315,-0.533582289679262],[39.7261405114832,-0.544568617679263],[39.76514197648316,-0.554456312679238],[39.80029822648316,-0.578076918679246],[39.80994178148318,-0.584058363679221],[39.8211112144832,-0.601331312679238],[39.82050086348317,-0.621656019679224],[39.82190467148319,-0.629956800679227],[39.828740609483184,-0.637464125679233],[39.8367362144832,-0.647168714679256],[39.84271766048317,-0.659131605679252],[39.86890174248315,-0.741468031679235],[39.865300668483194,-0.76673658667926],[39.87231971148321,-0.776563246679248],[39.901494515483186,-0.835767347679225],[39.90570594148317,-0.901563246679248],[39.9229178554832,-0.92744215267925],[39.926335824483196,-0.941663343679241],[39.93689490648318,-0.99525221167926],[39.93549109748317,-1.006238539679262],[39.94189978948315,-1.017163832679219],[40.00549842148319,-1.146253187679238],[40.01611853948315,-1.170178968679241],[40.039495004483165,-1.202161390679239],[40.05811072648316,-1.264234144679224],[40.053716195483155,-1.286878187679238],[40.051335824483196,-1.29603346167926],[40.05029822648316,-1.318433363679221],[40.051335824483196,-1.321363050679227],[40.061528695483155,-1.341565687679238],[40.0623221524832,-1.346753675679227],[40.07190467148319,-1.393933851679267],[40.086492074483196,-1.466931898679266],[40.088323129483165,-1.478833754679274],[40.097905648483156,-1.497876722679225],[40.10669471148321,-1.516065199679249],[40.108525765483186,-1.529553968679241],[40.11469031648317,-1.552259047679231],[40.120305550483174,-1.563672621679248],[40.12573767948316,-1.571363050679227],[40.13049842148319,-1.576245863679221],[40.14014197648316,-1.584729750679233],[40.154912484483184,-1.612073500679233],[40.15833045348318,-1.627576429679268],[40.15991736748315,-1.638379652679251],[40.160710824483196,-1.656079847679225],[40.15833045348318,-1.688062269679224],[40.159307015483186,-1.702039320679264],[40.161138070483155,-1.706983168679247],[40.168523324483196,-1.719434339679256],[40.16473914448317,-1.748365004679274],[40.1585135584832,-1.764661390679239],[40.162541879483165,-1.800183851679267],[40.1629080894832,-1.815137464679256],[40.1885428554832,-1.886975843679241],[40.18768836348317,-1.905347425679227],[40.189336312483185,-1.925061781679235],[40.19031287548318,-1.932080824679249],[40.18689490648318,-1.959973890679239],[40.1882987144832,-1.966565687679238],[40.19812537548318,-1.98518141067922],[40.20892859748317,-2.024549086679262],[40.2183280114832,-2.036756117679264],[40.290898812483185,-2.002637464679257],[40.40393592148319,-1.949658949679249],[40.50092078548317,-1.909131605679252],[40.797307504483165,-1.765454847679225],[40.83789588248316,-1.746167738679221],[40.8674979334832,-1.73127516067922],[40.893743050483174,-1.71864088267927],[41.01849891048317,-1.707654554679268],[41.07751990648318,-1.701856214679256],[41.3386893394832,-1.67957838267927],[41.53369666448315,-1.662183363679221],[41.563115609483184,-1.659864027679251],[41.56073523848317,-1.596753675679227],[41.219914925483174,-1.139051039679262],[40.9937186364832,-0.831372816679223],[40.9937186364832,0.300646226320734],[40.99310828548317,0.460863511320779],[40.91772986748315,0.419420640320763],[40.88672400748316,0.388842027320775],[40.858708871483195,0.373461167320781],[40.77930213248316,0.353258531320759],[40.75671912548318,0.343676011320779],[40.72473670348318,0.320848863320746],[40.71252967148319,0.312426011320779],[40.70911170348318,0.304674546320766],[40.70471717148319,0.291246812320762],[40.645696175483174,0.228868882320737],[40.587102425483174,0.213060777320775],[40.531499398483156,0.223436753320752],[40.523686898483156,0.217455308320777],[40.518743050483174,0.209032456320754],[40.510930550483174,0.196642320320732],[40.50549842148319,0.190233628320752],[40.49091101948317,0.191454331320754],[40.41870642948316,0.186022202320769],[40.406133187483185,0.181017320320732],[40.39990760148316,0.181627671320766],[40.397099984483184,0.182665269320748],[40.38953162548318,0.187059800320751],[40.37909461348317,0.193224351320734],[40.366338265483186,0.195665757320737],[40.33350135148316,0.196642320320732],[40.244695199483196,0.243273179320736],[40.196294320483155,0.288439195320732],[40.181706918483194,0.305040757320737],[40.094914925483174,0.366625230320776],[40.07593299248315,0.379625718320765],[39.96631385148316,0.414415757320737],[39.91693641048317,0.451219956320754],[39.9116873864832,0.456468980320776],[39.83789588248316,0.478868882320737],[39.825505746483195,0.478868882320737],[39.81689978948315,0.481432359320761],[39.805303109483184,0.481676499320767],[39.784307015483186,0.489061753320752],[39.76929236748315,0.501634995320783],[39.751286996483195,0.513475816320747],[39.700505746483195,0.565416734320761],[39.69330359748317,0.574816148320733],[39.6882987144832,0.580675523320733],[39.66333533648321,0.616625230320776],[39.6507010584832,0.642015855320776],[39.613896859483184,0.683031480320776]]]},"properties":{"OBJECTID":8,"ID_":2382,"COUNTY_NAM":"GARISSA","CONST_CODE":28,"CONSTITUEN":"BALAMBALA","COUNTY_COD":7,"Shape_Leng":10.4543262694,"Shape_Area":3.54169829321}},
{"type":"Feature","geometry":{"type":"Polygon","coordinates":[[[39.78589392948316,3.692858140320762],[39.74609900748316,3.640673081320752],[39.608525765483186,3.499071519320747],[39.589726937483185,3.485643785320743],[39.553899300483174,3.39744798432076],[39.51489783648321,3.407030503320751],[39.497930062483185,3.462267320320731],[39.42932654648319,3.450853745320782],[39.41150428148318,3.463060777320774],[39.33093787548318,3.463671128320751],[39.323918832483166,3.494249742320729],[39.32349158648321,3.482469956320752],[39.319524300483174,3.47221605032075],[39.3010916834832,3.425035874320766],[39.31372596148321,3.403246324320772],[39.32788611748315,3.292223374320766],[39.33130408648321,3.28361741732078],[39.34253455448316,3.244432847320748],[39.34589148848317,3.068224351320733],[39.311101449483196,3.044664781320758],[39.28510047248317,3.02885667532075],[39.2468924644832,2.983629624320766],[39.22009803148318,2.976427476320733],[39.213323129483165,2.971849839320779],[39.1463065274832,2.94682542532075],[39.133916390483186,2.933824937320761],[39.130742562483185,2.933458726320733],[39.1253104334832,2.928820054320735],[39.1221366054832,2.920641343320764],[39.11792517948316,2.909838120320782],[39.11273719148317,2.881639878320751],[39.0679373864832,2.880663316320746],[39.070745004483165,2.801439683320776],[39.0491385584832,2.701036851320733],[39.04028846148321,2.692247788320739],[38.98389197648316,2.574449937320761],[38.974492562483185,2.565050523320732],[38.888738168483194,2.541246812320761],[38.893743050483174,2.519457261320778],[38.8941092614832,2.510668199320772],[38.92969275748316,2.399218003320751],[38.9307303554832,2.38182298432076],[38.93494178148318,2.367845933320776],[38.93231726948317,2.351854722320748],[38.932927621483195,2.334825913320739],[38.926335824483196,2.279467027320774],[38.937932504483165,2.17424241732078],[38.9373221524832,2.160448472320748],[38.94373084348319,2.14103929232078],[38.95209266048317,2.114855210320737],[38.967900765483186,2.089037339320779],[38.98529578548317,2.048265855320775],[38.99292517948316,2.036058824320772],[39.0047049644832,2.000475327320768],[39.021916879483165,1.983019273320733],[39.02490760148316,1.981676499320767],[39.02869178148318,1.977037827320769],[39.031316293483194,1.975023667320781],[39.042302621483195,1.956835191320747],[39.04431678148318,1.954454820320732],[39.046941293483194,1.947252671320766],[39.049932015483186,1.944017808320777],[39.058293832483166,1.938219468320765],[39.05908728948315,1.92802659732075],[39.06409217148319,1.922228257320737],[39.088506234483184,1.901476304320736],[39.096135629483165,1.899462144320748],[39.1109061364832,1.887072007320737],[39.123296273483156,1.87706224232073],[39.168523324483196,1.795641343320765],[39.172490609483184,1.786241929320736],[39.2039237144832,1.714830796320766],[39.227117074483196,1.704637925320751],[39.242742074483196,1.698473374320767],[39.2547049644832,1.691271226320734],[39.2612967614832,1.686022202320769],[39.271916879483165,1.687059800320751],[39.27893592148319,1.682238023320733],[39.28491736748315,1.674242417320781],[39.30908728948315,1.661425035320744],[39.3113455894832,1.655260484320761],[39.31848670348318,1.65544358932078],[39.319524300483174,1.651842515320763],[39.32513953548317,1.645861070320732],[39.328740609483184,1.646471421320766],[39.33374549248315,1.643053452320769],[39.34253455448316,1.638048570320732],[39.3465018394832,1.62584153832074],[39.40430213248316,1.556627671320766],[39.440740121483195,1.534838120320783],[39.43530799248315,1.52763597232075],[39.430120004483165,1.526049058320777],[39.407903207483166,1.518663804320736],[39.315740121483195,1.48607103132076],[39.278325570483155,1.471666734320761],[39.37250281648317,1.225634019320748],[39.380742562483185,1.205065171320766],[39.442510140483186,1.048448960320738],[39.449101937483185,1.02903978132076],[39.45990516048317,1.002672593320765],[39.46289588248316,0.991869370320783],[39.47791053148318,0.980272691320747],[39.490300668483194,0.964647691320747],[39.55951453548317,0.771227281320759],[39.56189490648318,0.761034410320744],[39.56714392948316,0.75084153832074],[39.5745291834832,0.740831773320733],[39.60510779648319,0.694628160320744],[39.613896859483184,0.683031480320776],[39.6507010584832,0.642015855320776],[39.66333533648321,0.616625230320776],[39.6882987144832,0.580675523320733],[39.69330359748317,0.574816148320733],[39.700505746483195,0.565416734320761],[39.751286996483195,0.513475816320747],[39.76929236748315,0.501634995320783],[39.784307015483186,0.489061753320752],[39.805303109483184,0.481676499320767],[39.81689978948315,0.481432359320761],[39.825505746483195,0.478868882320737],[39.83789588248316,0.478868882320737],[39.9116873864832,0.456468980320776],[39.91693641048317,0.451219956320754],[39.96631385148316,0.414415757320737],[40.07593299248315,0.379625718320765],[40.094914925483174,0.366625230320776],[40.181706918483194,0.305040757320737],[40.196294320483155,0.288439195320732],[40.244695199483196,0.243273179320736],[40.33350135148316,0.196642320320732],[40.366338265483186,0.195665757320737],[40.37909461348317,0.193224351320734],[40.38953162548318,0.187059800320751],[40.397099984483184,0.182665269320748],[40.39990760148316,0.181627671320766],[40.406133187483185,0.181017320320732],[40.41870642948316,0.186022202320769],[40.49091101948317,0.191454331320754],[40.50549842148319,0.190233628320752],[40.510930550483174,0.196642320320732],[40.518743050483174,0.209032456320754],[40.523686898483156,0.217455308320777],[40.531499398483156,0.223436753320752],[40.587102425483174,0.213060777320775],[40.645696175483174,0.228868882320737],[40.70471717148319,0.291246812320762],[40.70911170348318,0.304674546320766],[40.71252967148319,0.312426011320779],[40.72473670348318,0.320848863320746],[40.75671912548318,0.343676011320779],[40.77930213248316,0.353258531320759],[40.858708871483195,0.373461167320781],[40.88672400748316,0.388842027320775],[40.91772986748315,0.419420640320763],[40.99310828548317,0.460863511320779],[40.988713754483165,1.017015855320776],[40.9924979334832,1.01964036732073],[40.99231482848318,1.488268296320766],[40.993291390483186,1.694445054320736],[40.991521371483195,2.176256577320768],[40.920903695483155,2.185655992320729],[40.86792517948316,2.233263413320739],[40.83350135148316,2.285631577320768],[40.775090707483166,2.311632554320735],[40.72992469148317,2.317430894320747],[40.71869422248317,2.327257554320735],[40.66614295348318,2.388658921320765],[40.64154578548317,2.436022202320768],[40.632512582483166,2.442430894320747],[40.57971717148319,2.535631577320768],[40.57629920348318,2.553270738320745],[40.521916879483165,2.689440171320765],[40.50391150748316,2.712023179320735],[40.503118050483174,2.72166673432076],[40.518132699483196,2.775621812320761],[40.4949393394832,2.800035874320766],[40.49353553148318,2.865221421320765],[40.26752234748317,2.973436753320751],[40.25830603948315,2.986071031320758],[40.170537484483184,3.088243882320736],[40.132695687483185,3.12986985932076],[40.03412391048317,3.234850327320768],[39.94672156648317,3.270067613320745],[39.793523324483196,3.331835191320746],[39.78650428148318,3.33745042532075],[39.786138070483155,3.417650620320782],[39.786321175483174,3.460070054320735],[39.78589392948316,3.692858140320762]]]},"properties":{"OBJECTID":9,"ID_":663,"COUNTY_NAM":"WAJIR","CONST_CODE":36,"CONSTITUEN":"WAJIR WEST","COUNTY_COD":8,"Shape_Leng":9.96942202517,"Shape_Area":4.60636555222}},
{"type":"Feature","geometry":{"type":"Polygon","coordinates":[[[41.73334266048317,3.986620347320748],[41.68250037548318,3.97026292532075],[41.566289437483185,3.97026292532075],[41.32654334348319,3.940660874320766],[41.264287484483184,3.955248277320774],[41.208318246483195,3.934862535320743],[41.14154578548317,3.961229722320748],[41.075505746483195,4.022447984320761],[41.04248572648316,4.074022691320747],[40.9448905114832,4.145616929320735],[40.9050955894832,4.157274644320748],[40.88690711348317,4.208666245320782],[40.84912635148316,4.244615952320769],[40.7593436364832,4.279650132320737],[40.697698129483165,4.239244859320761],[40.179936898483156,4.027819077320769],[39.86609412548318,3.865465562320761],[39.78589392948316,3.692858140320762],[39.786321175483174,3.460070054320735],[39.786138070483155,3.417650620320782],[39.78650428148318,3.33745042532075],[39.793523324483196,3.331835191320746],[39.94672156648317,3.270067613320745],[40.03412391048317,3.234850327320768],[40.132695687483185,3.12986985932076],[40.170537484483184,3.088243882320736],[40.25830603948315,2.986071031320758],[40.26752234748317,2.973436753320751],[40.49353553148318,2.865221421320765],[40.4949393394832,2.800035874320766],[40.518132699483196,2.775621812320761],[40.503118050483174,2.72166673432076],[40.50391150748316,2.712023179320735],[40.521916879483165,2.689440171320765],[40.57629920348318,2.553270738320745],[40.57971717148319,2.535631577320768],[40.632512582483166,2.442430894320747],[40.64154578548317,2.436022202320768],[40.66614295348318,2.388658921320765],[40.71869422248317,2.327257554320735],[40.72992469148317,2.317430894320747],[40.775090707483166,2.311632554320735],[40.83350135148316,2.285631577320768],[40.86792517948316,2.233263413320739],[40.920903695483155,2.185655992320729],[40.991521371483195,2.176256577320768],[40.99353553148318,2.240038316320746],[40.99451209348319,2.822863023320732],[41.3277030114832,3.14885179232078],[41.5654959804832,3.487047593320764],[41.90674353948315,3.973253648320732],[41.82312537548318,3.94822923432076],[41.73334266048317,3.986620347320748]]]},"properties":{"OBJECTID":10,"ID_":264,"COUNTY_NAM":"MANDERA","CONST_CODE":42,"CONSTITUEN":"MANDERA SOUTH","COUNTY_COD":9,"Shape_Leng":7.19616328425,"Shape_Area":2.11434477576}},
{"type":"Feature","geometry":{"type":"Polygon","coordinates":[[[39.323918832483166,3.494249742320729],[39.2659354334832,3.470018785320743],[39.191106332483166,3.477648179320735],[39.104131234483184,3.522020738320745],[39.0877127774832,3.539232651320727],[39.0213065274832,3.509874742320729],[38.906316293483194,3.512255113320745],[38.714726937483185,3.572252671320765],[38.68768836348317,3.623644273320732],[38.66553260148316,3.593248765320762],[38.5799002774832,3.603868882320736],[38.55090857848318,3.641832749320766],[38.44849158648321,3.601854722320748],[38.191289437483185,3.619860093320764],[38.129888070483155,3.605822007320736],[37.99390174248315,3.729418199320772],[37.90271521848319,3.783251206320752],[37.70770789448317,3.910265367320729],[37.5015311364832,4.056627671320766],[37.13690711348317,4.292833726320734],[37.090093148483156,4.341234605320776],[37.031316293483194,4.379442613320745],[36.9881034024832,4.389635484320761],[36.844731820483155,4.447252671320766],[36.68109656648317,4.438829820320732],[36.645513070483155,4.451464097320749],[36.547490609483184,4.441820542320781],[36.23413611748315,4.448839585320738],[36.05090857848318,4.449022691320747],[36.05029822648316,3.98283616732078],[36.051335824483196,3.647264878320751],[36.05212928148318,3.29783860932076],[36.062932504483165,3.230638902320774],[36.07190467148319,3.224474351320733],[36.088140023483156,3.221849839320779],[36.09509803148318,3.220018785320743],[36.1030936364832,3.218248765320762],[36.11572791448315,3.216234605320775],[36.13153601948317,3.208055894320747],[36.14252234748317,3.208422105320775],[36.145696175483174,3.220629136320778],[36.15131141048317,3.21525804232078],[36.15131141048317,3.189440171320765],[36.148686898483156,3.179430406320758],[36.14349891048317,3.165270249320766],[36.139104379483165,3.151842515320762],[36.143743050483174,3.143663804320735],[36.14648963248316,3.139818589320779],[36.15112830448316,3.126024644320747],[36.15253211348317,3.10783616732078],[36.15271521848319,3.089220445320731],[36.148686898483156,3.072618882320736],[36.14130164448317,3.058275620320782],[36.1428885584832,3.050829331320752],[36.1409354334832,3.032823960320737],[36.13709021848319,3.024034898320732],[36.12891150748316,3.002245347320748],[36.12592078548317,2.989672105320775],[36.14648963248316,2.967455308320776],[36.15833045348318,2.966844956320752],[36.16492225048318,2.96525804232078],[36.170903695483155,2.966661851320733],[36.17773963248316,2.96525804232078],[36.18372107848318,2.965624253320751],[36.21692420348318,2.957872788320739],[36.236943734483184,2.955065171320765],[36.24353553148318,2.950426499320766],[36.2471366054832,2.948656480320775],[36.256108773483156,2.956468980320775],[36.2612967614832,2.946031968320764],[36.2615409024832,2.936449449320772],[36.264287484483184,2.926866929320735],[36.27271033648315,2.903246324320772],[36.293523324483196,2.886034410320743],[36.31689978948315,2.876634995320782],[36.322515023483156,2.872667710320737],[36.325322640483186,2.871263902320774],[36.36414100048318,2.856676499320766],[36.36890174248315,2.848863999320766],[36.37494422248317,2.843859117320729],[36.39594031648317,2.800646226320733],[36.40674353948315,2.779833238320745],[36.41089392948316,2.774034898320732],[36.41333533648315,2.768663804320735],[36.41772986748315,2.762865464320779],[36.42029334348319,2.757067124320766],[36.4207205894832,2.749620835320737],[36.433293832483166,2.712267320320731],[36.439885629483165,2.709276597320748],[36.441106332483166,2.692430894320747],[36.43573523848317,2.681017320320731],[36.436711800483174,2.665819566320746],[36.43530799248315,2.651049058320776],[36.43872596148315,2.632616441320746],[36.44330359748317,2.624071519320747],[36.44873572648316,2.618029038320739],[36.454106820483155,2.610460679320735],[36.4605155114832,2.608629624320766],[36.4636893394832,2.607653062320761],[36.496343148483156,2.571642320320731],[36.514104379483165,2.559435288320739],[36.518132699483196,2.54924241732078],[36.520696175483174,2.541674058320776],[36.52490760148316,2.528246324320772],[36.531133187483185,2.518846910320743],[36.53070594148317,2.50346605032075],[36.531499398483156,2.500475327320768],[36.528508675483174,2.489672105320775],[36.5291190274832,2.467272202320768],[36.52551795348318,2.456224839320779],[36.526494515483186,2.440233628320751],[36.532536996483195,2.430040757320736],[36.534490121483195,2.422228257320736],[36.5379080894832,2.412828843320764],[36.5491385584832,2.400255601320733],[36.55151892948316,2.397875230320775],[36.557744515483186,2.394823472320748],[36.561101449483196,2.394457261320778],[36.56848670348318,2.401232163320739],[36.57953406648317,2.404039781320758],[36.58789588248316,2.405443589320779],[36.602727425483174,2.403063218320764],[36.6597342614832,2.420458238320745],[36.66492225048318,2.43065110932076],[36.66888953548317,2.436449449320772],[36.6760916834832,2.44627610932076],[36.716130746483195,2.505846421320765],[36.75354529648319,2.51323167532075],[36.76611853948315,2.491259019320747],[36.7966971524832,2.408861558320776],[36.83569861748315,2.300829331320752],[36.865300668483194,2.252062242320729],[36.8928885584832,2.193224351320733],[36.914495004483165,2.124071519320747],[36.917119515483186,2.020067613320745],[36.9527030114832,2.022875230320775],[36.998296273483156,1.99724046432078],[37.004888070483155,1.988268296320766],[37.122930062483185,1.964830796320766],[37.1507010584832,1.962450425320751],[37.1619315274832,1.961840074320773],[37.19690467148319,1.905016343320765],[37.221135629483165,1.888231675320751],[37.25531531648317,1.868639390320763],[37.27148963248316,1.867845933320777],[37.2757010584832,1.864061753320752],[37.284490121483195,1.830065171320766],[37.290715707483166,1.806627671320766],[37.298894418483194,1.775255601320734],[37.30713416448315,1.748827378320752],[37.35974646848319,1.72667161732073],[37.40112830448316,1.66185228132076],[37.412724984483184,1.643663804320736],[37.46069861748315,1.569872300320751],[37.4761405114832,1.546862046320766],[37.48291541448315,1.533434312320762],[37.54334021848319,1.421862046320766],[37.56250525748316,1.391649644320748],[37.597905648483156,1.382616441320747],[37.6033377774832,1.380236070320732],[37.687932504483165,1.39763108932078],[37.70331336348317,1.402025620320783],[37.844304574483196,1.423448960320738],[37.854131234483184,1.456835191320747],[37.952336800483174,1.38487474232073],[37.94690467148319,1.261034410320744],[38.21429969148317,1.47545091332074],[38.2236991054832,1.482836167320781],[38.32190467148319,1.560045640320763],[38.34369422248317,1.584032456320754],[38.346135629483165,1.593065660320744],[38.3511405114832,1.615831773320733],[38.376286996483195,1.723253648320733],[38.384099496483195,1.756822984320761],[38.522099984483184,1.838854234320761],[38.57849646848319,1.871263902320775],[38.64130164448317,1.907457749320767],[38.9527030114832,2.091234605320775],[38.95209266048317,2.114855210320737],[38.94373084348319,2.14103929232078],[38.9373221524832,2.160448472320748],[38.937932504483165,2.17424241732078],[38.926335824483196,2.279467027320774],[38.932927621483195,2.334825913320739],[38.93231726948317,2.351854722320748],[38.93494178148318,2.367845933320776],[38.9307303554832,2.38182298432076],[38.92969275748316,2.399218003320751],[38.8941092614832,2.510668199320772],[38.893743050483174,2.519457261320778],[38.888738168483194,2.541246812320761],[38.974492562483185,2.565050523320732],[38.98389197648316,2.574449937320761],[39.04028846148321,2.692247788320739],[39.0491385584832,2.701036851320733],[39.070745004483165,2.801439683320776],[39.0679373864832,2.880663316320746],[39.11273719148317,2.881639878320751],[39.11792517948316,2.909838120320782],[39.1221366054832,2.920641343320764],[39.1253104334832,2.928820054320735],[39.130742562483185,2.933458726320733],[39.133916390483186,2.933824937320761],[39.1463065274832,2.94682542532075],[39.213323129483165,2.971849839320779],[39.22009803148318,2.976427476320733],[39.2468924644832,2.983629624320766],[39.28510047248317,3.02885667532075],[39.311101449483196,3.044664781320758],[39.34589148848317,3.068224351320733],[39.34253455448316,3.244432847320748],[39.33130408648321,3.28361741732078],[39.32788611748315,3.292223374320766],[39.31372596148321,3.403246324320772],[39.3010916834832,3.425035874320766],[39.319524300483174,3.47221605032075],[39.32349158648321,3.482469956320752],[39.323918832483166,3.494249742320729]]]},"properties":{"OBJECTID":11,"ID_":133,"COUNTY_NAM":"MARSABIT","CONST_CODE":46,"CONSTITUEN":"NORTH HORR","COUNTY_COD":10,"Shape_Leng":11.8969963206,"Shape_Area":6.18501666925}},
{"type":"Feature","geometry":{"type":"MultiPolygon","coordinates":[[[[37.38672400748316,0.274034898320733],[37.393743050483174,0.27745286732073],[37.40674353948315,0.294237535320744],[37.42651892948316,0.295275132320737],[37.5225272304832,0.265245835320738],[37.54291297248317,0.269457261320779],[37.547124398483156,0.275621812320762],[37.5491385584832,0.291246812320762],[37.54968787548318,0.297655503320752],[37.55090857848318,0.317858140320763],[37.555120004483165,0.323229234320761],[37.567510140483186,0.32646409732075],[37.579289925483174,0.326219956320754],[37.5823416834832,0.32646409732075],[37.597905648483156,0.343431870320783],[37.605535043483194,0.351427476320734],[37.58374549248315,0.405626695320732],[37.583135140483186,0.412462632320737],[37.581914437483185,0.430040756320748],[37.582097543483194,0.449816148320733],[37.5823416834832,0.458238999320767],[37.586492074483196,0.470629136320779],[37.63489295348318,0.494860093320765],[37.64233924248315,0.49724046432078],[37.6995291834832,0.516649644320748],[37.82690955448316,0.56065599232073],[37.84174109748317,0.567430894320748],[37.88989783648315,0.589464585320738],[38.00873328548317,0.644030015320763],[38.06372596148321,0.669847886320779],[38.07312537548318,0.635851304320736],[38.08911658648321,0.581652085320738],[38.09229041448315,0.57145921432078],[38.13031531648317,0.461473863320746],[38.13709021848319,0.442430894320748],[38.1616873864832,0.371019761320779],[38.196294320483155,0.319628160320744],[38.194524300483174,0.285021226320734],[38.19330359748317,0.231066148320733],[38.22089148848317,0.215258042320781],[38.2424979334832,0.204821031320759],[38.25952674248315,0.191027085320738],[38.264287484483184,0.182665269320748],[38.2847342614832,0.167833726320734],[38.296941293483194,0.157274644320748],[38.30170203548317,0.143236558320777],[38.305303109483184,0.117418687320762],[38.30908728948315,0.107653062320762],[38.328740609483184,0.089220445320732],[38.32373572648316,0.07646409732075],[38.346318734483184,0.058824937320762],[38.348088754483165,0.054064195320732],[38.35632850048318,0.019030015320763],[38.39014197648316,-0.009778578679234],[38.39453650748316,-0.015882093679241],[38.4007010584832,-0.026074964679256],[38.40570594148317,-0.030652601679267],[38.40674353948315,-0.041944105679252],[38.41772986748315,-0.06947096167926],[38.426946175483174,-0.077466566679223],[38.43433142948316,-0.078565199679249],[38.442693246483195,-0.07783277767925],[38.45251990648318,-0.086682875679233],[38.50269080448316,-0.065869886679254],[38.51953650748316,-0.065442640679239],[38.55170203548317,-0.020459730679252],[38.561711800483174,-0.022046644679224],[38.56531287548318,-0.021131117679263],[38.57971717148319,-0.026929457679219],[38.612309945483155,-0.032666761679254],[38.621526254483165,-0.03986891067922],[38.63049842148319,-0.04853590267925],[38.63672400748316,-0.055860121679248],[38.67712928148318,-0.05744703567922],[38.68530799248315,-0.053479750679233],[38.68591834348319,-0.046338636679254],[38.694341195483155,-0.049329359679237],[38.71112586348317,-0.063367445679264],[38.722539437483185,-0.066541273679266],[38.7612967614832,-0.067151625679233],[38.763738168483194,-0.06043775767927],[38.75189734748317,-0.046277601679267],[38.7515311364832,-0.03895338267927],[38.7503104334832,-0.03596266067922],[38.74872351948317,-0.026074964679256],[38.7490897304832,-0.022779066679223],[38.7449393394832,-0.017530043679246],[38.740117562483185,-0.001172621679248],[38.732305062483185,0.040270249320767],[38.729497445483155,0.079821031320759],[38.729497445483155,0.08427659732075],[38.73132850048318,0.105272691320747],[38.73950721148321,0.149462144320748],[38.757146371483195,0.168444077320769],[38.748296273483156,0.21904222232075],[38.741887582483166,0.242845933320777],[38.73633338248316,0.265856187320762],[38.7293143394832,0.292040269320748],[38.71289588248316,0.357653062320762],[38.7092948084832,0.371447007320737],[38.705144418483194,0.387438218320765],[38.697515023483156,0.41826097232075],[38.68091346148321,0.470629136320779],[38.676946175483174,0.494066636320779],[38.670537484483184,0.499071519320748],[38.66370154648319,0.501634995320783],[38.6616873864832,0.507860581320754],[38.71692420348318,0.510240952320769],[38.721135629483165,0.51481858932078],[38.756291879483165,0.514269273320733],[38.77612830448316,0.517443101320734],[38.8023123864832,0.54802171432078],[38.808293832483166,0.55284349232073],[38.80933142948316,0.557054917320781],[38.814885629483165,0.565050523320733],[38.86133338248316,0.598070542320781],[38.904729379483165,0.595446031320759],[38.912541879483165,0.598070542320781],[38.9363455894832,0.622667710320738],[38.946294320483155,0.624254624320767],[38.9937186364832,0.624071519320748],[39.002507699483196,0.62224046432078],[39.010930550483174,0.622850816320747],[39.012700570483155,0.633226792320781],[39.0554862144832,0.683824937320762],[39.06250525748316,0.680651109320761],[39.0986991054832,0.678636949320773],[39.1030936364832,0.687059800320751],[39.1441092614832,0.69542161732073],[39.148137582483166,0.703051011320779],[39.17468787548318,0.71763841332074],[39.178288949483196,0.741259019320748],[39.23773719148317,0.841844956320754],[39.31970740648318,0.925646226320734],[39.336492074483196,0.935045640320763],[39.355901254483165,0.948656480320776],[39.3897147304832,0.963060777320775],[39.455144418483194,0.98662034732075],[39.45990516048317,1.002672593320765],[39.449101937483185,1.02903978132076],[39.442510140483186,1.048448960320738],[39.380742562483185,1.205065171320766],[39.37250281648317,1.225634019320748],[39.278325570483155,1.471666734320761],[39.315740121483195,1.48607103132076],[39.407903207483166,1.518663804320736],[39.430120004483165,1.526049058320777],[39.43530799248315,1.52763597232075],[39.440740121483195,1.534838120320783],[39.40430213248316,1.556627671320766],[39.3465018394832,1.62584153832074],[39.34253455448316,1.638048570320732],[39.33374549248315,1.643053452320769],[39.328740609483184,1.646471421320766],[39.32513953548317,1.645861070320732],[39.319524300483174,1.651842515320763],[39.31848670348318,1.65544358932078],[39.3113455894832,1.655260484320761],[39.30908728948315,1.661425035320744],[39.28491736748315,1.674242417320781],[39.27893592148319,1.682238023320733],[39.271916879483165,1.687059800320751],[39.2612967614832,1.686022202320769],[39.2547049644832,1.691271226320734],[39.242742074483196,1.698473374320767],[39.227117074483196,1.704637925320751],[39.2039237144832,1.714830796320766],[39.172490609483184,1.786241929320736],[39.168523324483196,1.795641343320765],[39.123296273483156,1.87706224232073],[39.1109061364832,1.887072007320737],[39.096135629483165,1.899462144320748],[39.088506234483184,1.901476304320736],[39.06409217148319,1.922228257320737],[39.05908728948315,1.92802659732075],[39.058293832483166,1.938219468320765],[39.049932015483186,1.944017808320777],[39.046941293483194,1.947252671320766],[39.04431678148318,1.954454820320732],[39.042302621483195,1.956835191320747],[39.031316293483194,1.975023667320781],[39.02869178148318,1.977037827320769],[39.02490760148316,1.981676499320767],[39.021916879483165,1.983019273320733],[39.0047049644832,2.000475327320768],[38.99292517948316,2.036058824320772],[38.98529578548317,2.048265855320775],[38.967900765483186,2.089037339320779],[38.9527030114832,2.091234605320775],[38.64130164448317,1.907457749320767],[38.57849646848319,1.871263902320775],[38.522099984483184,1.838854234320761],[38.384099496483195,1.756822984320761],[38.376286996483195,1.723253648320733],[38.3511405114832,1.615831773320733],[38.346135629483165,1.593065660320744],[38.34369422248317,1.584032456320754],[38.32190467148319,1.560045640320763],[38.2236991054832,1.482836167320781],[38.21429969148317,1.47545091332074],[37.94690467148319,1.261034410320744],[37.94989539448317,1.191820542320781],[38.031499398483156,1.085863511320779],[38.03412391048317,1.071642320320732],[38.03510047248317,1.047655503320752],[38.03711463248316,1.008470933320777],[38.047490609483184,0.803270738320746],[38.056523812483185,0.797045152320775],[38.0623221524832,0.77763597232075],[38.05469275748316,0.776842515320763],[38.0257010584832,0.794420640320763],[38.0093436364832,0.800035874320767],[38.0015311364832,0.786241929320736],[37.98792029648319,0.775621812320762],[37.975713265483186,0.760668199320773],[37.95972205448316,0.748217027320775],[37.95630408648315,0.74424974232073],[37.94330359748317,0.738451402320775],[37.9404959804832,0.732836167320781],[37.930303109483184,0.721056382320737],[37.918523324483196,0.716051499320767],[37.90271521848319,0.721056382320737],[37.8831229334832,0.740038316320747],[37.87512732848318,0.734423081320754],[37.85193396848319,0.714464585320738],[37.844731820483155,0.704027574320773],[37.84369422248317,0.694445054320736],[37.84314490648318,0.687059800320751],[37.80811072648316,0.674425523320733],[37.80072547248317,0.673265855320776],[37.79248572648316,0.670458238320746],[37.78589392948316,0.674852769320748],[37.7781424644832,0.675646226320734],[37.75391150748316,0.673448960320738],[37.713506234483184,0.660631577320769],[37.70630408648315,0.666063706320754],[37.68591834348319,0.655016343320765],[37.65131141048317,0.630236070320732],[37.640508187483185,0.620653550320751],[37.635930550483174,0.597460191320747],[37.613896859483184,0.594652574320773],[37.599492562483185,0.590074937320762],[37.58911658648315,0.586473863320746],[37.574101937483185,0.573046128320752],[37.525090707483166,0.56865159732075],[37.51611853948315,0.565660874320767],[37.50409461348317,0.573046128320752],[37.491338265483186,0.578051011320779],[37.48914100048318,0.588426988320746],[37.480901254483165,0.586840074320773],[37.4041190274832,0.577257554320736],[37.390508187483185,0.575670640320763],[37.3643241054832,0.58903733932078],[37.357305062483185,0.598619859320761],[37.35474158648315,0.601061265320763],[37.352727425483174,0.613268296320766],[37.347539437483185,0.63365403832074],[37.34052039448317,0.646471421320766],[37.305303109483184,0.703051011320779],[37.3035330894832,0.70927659732075],[37.268132699483196,0.751024644320748],[37.254338754483165,0.762255113320746],[37.227727425483174,0.744066636320779],[37.213140023483156,0.738268296320766],[37.18890906648317,0.742845933320777],[37.17969275748316,0.741259019320748],[37.173894418483194,0.743456285320744],[37.16351844148317,0.745043199320773],[37.15173865648318,0.753221910320744],[37.126286996483195,0.769030015320763],[37.10974646848319,0.779039781320759],[37.07611609748317,0.777819077320769],[37.02429725048318,0.756639878320752],[37.009099496483195,0.750475327320769],[36.947698129483165,0.742845933320777],[36.931706918483194,0.733019273320733],[36.92712928148318,0.723619859320761],[36.92651892948316,0.694445054320736],[36.9260916834832,0.683275620320783],[36.923711312483185,0.663439195320732],[36.914495004483165,0.659838120320783],[36.9116873864832,0.647447984320761],[36.909307015483186,0.644030015320763],[36.90991736748315,0.635851304320736],[36.890508187483185,0.617052476320734],[36.88794471148315,0.60826341332074],[36.879521859483184,0.603441636320779],[36.87451697648316,0.600267808320777],[36.8687186364832,0.58482591332074],[36.868291390483186,0.568834702320769],[37.005742562483185,0.552416245320783],[37.07172156648317,0.544420640320763],[37.11414100048318,0.539232652320775],[37.17468787548318,0.532030503320752],[37.1948905114832,0.529833238320746],[37.21631385148316,0.527269761320779],[37.33392859748317,0.514025132320737],[37.361943734483184,0.501634995320783],[37.360539925483174,0.483019273320733],[37.35889197648316,0.473070542320781],[37.3543143394832,0.463426988320746],[37.35132361748315,0.436266343320765],[37.35230017948316,0.432054917320781],[37.3530936364832,0.420641343320765],[37.36151648848317,0.408434312320762],[37.363896859483184,0.406847398320733],[37.379521859483184,0.377672593320765],[37.37909461348317,0.364672105320776],[37.3928885584832,0.336473863320746],[37.39349891048317,0.333422105320776],[37.393743050483174,0.319628160320744],[37.39471961348317,0.316637437320762],[37.393743050483174,0.31083909732075],[37.395696175483174,0.300035874320767],[37.39331580448316,0.296434800320751],[37.3884940274832,0.284655015320763],[37.38672400748316,0.274034898320733]]],[[[37.38672400748316,0.274034898320733],[37.381291879483165,0.273668687320762],[37.37732459348319,0.272447984320761],[37.38672400748316,0.274034898320733]]]]},"properties":{"OBJECTID":12,"ID_":812,"COUNTY_NAM":"ISIOLO","CONST_CODE":49,"CONSTITUEN":"ISIOLO NORTH","COUNTY_COD":11,"Shape_Leng":10.0183616426,"Shape_Area":2.06364774463}},
{"type":"Feature","geometry":{"type":"Polygon","coordinates":[[[38.1616873864832,0.371019761320779],[38.13709021848319,0.442430894320748],[38.13031531648317,0.461473863320746],[38.09229041448315,0.57145921432078],[38.08911658648321,0.581652085320738],[38.07312537548318,0.635851304320736],[38.063115609483184,0.668627183320777],[38.00873328548317,0.644030015320763],[37.88989783648315,0.589464585320738],[37.84174109748317,0.567430894320748],[37.82690955448316,0.56065599232073],[37.6995291834832,0.516649644320748],[37.64233924248315,0.49724046432078],[37.63489295348318,0.494860093320765],[37.586492074483196,0.470629136320779],[37.5823416834832,0.458238999320767],[37.582097543483194,0.449816148320733],[37.581914437483185,0.430040756320748],[37.583135140483186,0.412462632320737],[37.58374549248315,0.405626695320732],[37.605535043483194,0.351427476320734],[37.597905648483156,0.343431870320783],[37.5823416834832,0.32646409732075],[37.579289925483174,0.326219956320754],[37.567510140483186,0.32646409732075],[37.555120004483165,0.323229234320761],[37.55090857848318,0.317858140320763],[37.54968787548318,0.297655503320752],[37.5491385584832,0.291246812320762],[37.547124398483156,0.275621812320762],[37.54291297248317,0.269457261320779],[37.5225272304832,0.265245835320738],[37.42651892948316,0.295275132320737],[37.40674353948315,0.294237535320744],[37.393743050483174,0.27745286732073],[37.363896859483184,0.25505296432078],[37.36133338248316,0.253649156320759],[37.365300668483194,0.243822495320783],[37.355535043483194,0.217821519320748],[37.3486991054832,0.194017808320777],[37.30811072648316,0.174425523320733],[37.30170203548317,0.167467515320763],[37.28729773848317,0.154833238320746],[37.281499398483156,0.127428452320769],[37.2581229334832,0.102037827320769],[37.25049353948315,0.100023667320781],[37.24573279648319,0.106066148320733],[37.23450232848318,0.098070542320781],[37.230718148483156,0.076647202320769],[37.20850135148316,0.067064683320777],[37.180120004483165,0.054430406320759],[37.15912391048317,0.049425523320733],[37.1428885584832,0.041674058320777],[37.13611365648318,0.037828843320765],[37.1253104334832,0.036241929320736],[37.09589148848317,0.026476304320736],[37.09070350048318,0.020433824320773],[37.09692908648315,0.013231675320751],[37.09912635148316,0.010424058320777],[37.107488168483194,-0.000928480679252],[37.130742562483185,-0.028943617679263],[37.13293982848318,-0.03114088267927],[37.13672400748316,-0.03877027767925],[37.30853797248317,-0.15205152767925],[37.586919320483155,-0.184766371679248],[37.600713265483186,-0.195142347679225],[37.60510779648319,-0.196851332679219],[37.616338265483186,-0.199475843679241],[37.6209159024832,-0.202771742679263],[37.6319022304832,-0.20887525767927],[37.64471961348317,-0.215467054679268],[37.66034461348317,-0.211438734679237],[37.663945687483185,-0.210462172679231],[37.66992713248316,-0.209058363679221],[37.6773123864832,-0.20887525767927],[37.68713904648319,-0.206861097679225],[37.697331918483194,-0.205579359679237],[37.707097543483194,-0.204663832679219],[37.7205252774832,-0.20496900767927],[37.730901254483165,-0.201551039679262],[37.73474646848319,-0.198255140679239],[37.74854041448315,-0.189832289679262],[37.751286996483195,-0.186841566679223],[37.7569022304832,-0.175366957679219],[37.76312781648317,-0.16517408667926],[37.77271033648315,-0.160657484679237],[37.784490121483195,-0.165235121679248],[37.79169226948317,-0.17103346167926],[37.797124398483156,-0.182935316679223],[37.7991385584832,-0.188367445679264],[37.806340707483166,-0.184583265679239],[37.83752967148319,-0.159436781679235],[37.84314490648318,-0.154431898679266],[37.86572791448315,-0.135449964679256],[37.91528846148315,-0.084729750679233],[37.9373221524832,-0.053174574679249],[37.93689490648318,-0.04017408667926],[37.93091346148315,-0.037549574679249],[37.923528207483166,-0.030164320679264],[37.928899300483174,-0.014966566679223],[37.933293832483166,-0.000928480679252],[37.914495004483165,-0.002759534679231],[37.893743050483174,-0.003858168679246],[37.895513070483155,0.010424058320777],[37.910710824483196,0.014269273320733],[37.9194998864832,0.023241441320747],[37.92529822648316,0.029222886320779],[37.94550086348317,0.045824449320773],[37.953740609483184,0.050463120320783],[37.962102425483174,0.051439683320777],[37.966313852483204,0.05284349232073],[37.979131234483184,0.043627183320777],[37.9881034024832,0.063219468320765],[37.991521371483195,0.064623277320775],[38.00989295348318,0.06065599232073],[38.04150916448315,0.027269761320779],[38.04968787548318,0.024034898320733],[38.05713416448315,0.02263108932078],[38.0601248864832,0.021837632320737],[38.07953406648317,0.028246324320773],[38.09351111748315,0.041429917320781],[38.1065116054832,0.04606858932078],[38.111943734483184,0.05162278832074],[38.117742074483196,0.049425523320733],[38.148320687483185,0.036425035320744],[38.153508675483174,0.032030503320752],[38.16370154648319,0.024218003320752],[38.195928109483184,0.012255113320746],[38.21552039448317,0.010851304320736],[38.223088754483165,0.00224534732075],[38.22992469148317,-0.002576429679268],[38.28992225048318,-0.03205641067922],[38.301946175483174,-0.055066664679262],[38.31848670348318,-0.059949476679267],[38.32294226948317,-0.06416090267925],[38.32831336348317,-0.070081312679238],[38.389287484483184,-0.085767347679225],[38.391728890483186,-0.079480726679267],[38.417302621483195,-0.074658949679249],[38.41772986748315,-0.06947096167926],[38.40674353948315,-0.041944105679252],[38.40570594148317,-0.030652601679267],[38.4007010584832,-0.026074964679256],[38.39453650748316,-0.015882093679241],[38.39014197648316,-0.009778578679234],[38.35632850048318,0.019030015320763],[38.348088754483165,0.054064195320732],[38.346318734483184,0.058824937320762],[38.32373572648316,0.07646409732075],[38.328740609483184,0.089220445320732],[38.30908728948315,0.107653062320762],[38.305303109483184,0.117418687320762],[38.30170203548317,0.143236558320777],[38.296941293483194,0.157274644320748],[38.2847342614832,0.167833726320734],[38.264287484483184,0.182665269320748],[38.25952674248315,0.191027085320738],[38.2424979334832,0.204821031320759],[38.22089148848317,0.215258042320781],[38.19330359748317,0.231066148320733],[38.194524300483174,0.285021226320734],[38.196294320483155,0.319628160320744],[38.1616873864832,0.371019761320779]]]},"properties":{"OBJECTID":13,"ID_":2633,"COUNTY_NAM":"MERU","CONST_CODE":56,"CONSTITUEN":"NORTH IMENTI","COUNTY_COD":12,"Shape_Leng":4.20468088307,"Shape_Area":0.56801994331}},
{"type":"Feature","geometry":{"type":"Polygon","coordinates":[[[38.00989295348318,0.06065599232073],[37.991521371483195,0.064623277320775],[37.9881034024832,0.063219468320765],[37.979131234483184,0.043627183320777],[37.966313852483204,0.05284349232073],[37.962102425483174,0.051439683320777],[37.953740609483184,0.050463120320783],[37.94550086348317,0.045824449320773],[37.92529822648316,0.029222886320779],[37.9194998864832,0.023241441320747],[37.910710824483196,0.014269273320733],[37.895513070483155,0.010424058320777],[37.893743050483174,-0.003858168679246],[37.914495004483165,-0.002759534679231],[37.933293832483166,-0.000928480679252],[37.928899300483174,-0.014966566679223],[37.923528207483166,-0.030164320679264],[37.93091346148315,-0.037549574679249],[37.93689490648318,-0.04017408667926],[37.9373221524832,-0.053174574679249],[37.91528846148315,-0.084729750679233],[37.86572791448315,-0.135449964679256],[37.84314490648318,-0.154431898679266],[37.83752967148319,-0.159436781679235],[37.806340707483166,-0.184583265679239],[37.7991385584832,-0.188367445679264],[37.797124398483156,-0.182935316679223],[37.79169226948317,-0.17103346167926],[37.784490121483195,-0.165235121679248],[37.77271033648315,-0.160657484679237],[37.76312781648317,-0.16517408667926],[37.7569022304832,-0.175366957679219],[37.751286996483195,-0.186841566679223],[37.74854041448315,-0.189832289679262],[37.73474646848319,-0.198255140679239],[37.730901254483165,-0.201551039679262],[37.7205252774832,-0.20496900767927],[37.707097543483194,-0.204663832679219],[37.697331918483194,-0.205579359679237],[37.68713904648319,-0.206861097679225],[37.6773123864832,-0.20887525767927],[37.66992713248316,-0.209058363679221],[37.663945687483185,-0.210462172679231],[37.66034461348317,-0.211438734679237],[37.64471961348317,-0.215467054679268],[37.6319022304832,-0.20887525767927],[37.6209159024832,-0.202771742679263],[37.616338265483186,-0.199475843679241],[37.60510779648319,-0.196851332679219],[37.600713265483186,-0.195142347679225],[37.586919320483155,-0.184766371679248],[37.30853797248317,-0.15205152767925],[37.55170203548317,-0.361768324679249],[37.5855155114832,-0.373365004679217],[37.6030936364832,-0.386975843679241],[37.62073279648319,-0.391980726679267],[37.63953162548318,-0.404370863679221],[37.68494178148318,-0.432141859679237],[37.6995291834832,-0.441175062679238],[37.733525765483186,-0.452344496679248],[37.74109412548318,-0.448682386679254],[37.75531531648317,-0.449536879679217],[37.7769217614832,-0.449842054679268],[37.81653357848318,-0.427136976679267],[37.82153846148315,-0.420056898679266],[37.82611609748317,-0.416577894679224],[37.829106820483155,-0.411145765679239],[37.832097543483194,-0.408460218679241],[37.846135629483165,-0.404981214679256],[37.850713265483186,-0.396131117679263],[37.85931922248317,-0.389661390679239],[37.870305550483174,-0.36903150767927],[37.881108773483156,-0.350354750679233],[37.89014197648316,-0.348035414679262],[37.89453650748316,-0.35908277767925],[37.895696175483174,-0.37775953567922],[37.89209510148316,-0.385266859679237],[37.890508187483185,-0.392163832679219],[37.900090707483166,-0.398755629679217],[37.922307504483165,-0.41767652767925],[37.92432166448315,-0.428662855679252],[37.92773963248316,-0.430432875679233],[37.941289437483185,-0.427869398679266],[37.94409705448316,-0.429273207679219],[37.95190955448316,-0.427869398679266],[37.969914925483174,-0.400342543679246],[37.97009803148318,-0.387036879679217],[37.97333289448317,-0.37025221167926],[37.972539437483185,-0.361768324679249],[37.9749198084832,-0.359754164679262],[37.97632361748315,-0.352857191679223],[37.973088754483165,-0.344434339679256],[37.9780936364832,-0.335950453679234],[37.9827323084832,-0.317334730679252],[37.980535043483194,-0.314282972679225],[37.990300668483194,-0.292554457679219],[37.99390174248315,-0.277967054679268],[38.01209021848319,-0.268872816679223],[38.02411414448317,-0.269544203679234],[38.03711463248316,-0.276136000679233],[38.05811072648316,-0.277967054679268],[38.06512976948317,-0.277173597679225],[38.06873084348319,-0.277356703679234],[38.07629920348318,-0.276441175679227],[38.0908866054832,-0.277173597679225],[38.1030936364832,-0.281873304679268],[38.114934457483166,-0.279065687679238],[38.1265311364832,-0.269666273679266],[38.138921273483156,-0.253858168679246],[38.140508187483185,-0.247266371679248],[38.15051795348318,-0.243482191679223],[38.164495004483165,-0.23518141067922],[38.1729178554832,-0.21204908667926],[38.183293832483166,-0.192334730679252],[38.18530799248315,-0.172254164679262],[38.186101449483196,-0.160230238679221],[38.1961112144832,-0.150464613679221],[38.2127127774832,-0.12806471167926],[38.21692420348318,-0.114575941679223],[38.26312781648317,-0.096753675679227],[38.2713065274832,-0.098950941679223],[38.28833533648321,-0.086560804679268],[38.29169226948317,-0.080762464679256],[38.30273963248316,-0.067578871679248],[38.301946175483174,-0.055066664679262],[38.28992225048318,-0.03205641067922],[38.22992469148317,-0.002576429679268],[38.223088754483165,0.00224534732075],[38.21552039448317,0.010851304320736],[38.195928109483184,0.012255113320746],[38.16370154648319,0.024218003320752],[38.153508675483174,0.032030503320752],[38.148320687483185,0.036425035320744],[38.117742074483196,0.049425523320733],[38.111943734483184,0.05162278832074],[38.1065116054832,0.04606858932078],[38.09351111748315,0.041429917320781],[38.07953406648317,0.028246324320773],[38.0601248864832,0.021837632320737],[38.05713416448315,0.02263108932078],[38.04968787548318,0.024034898320733],[38.04150916448315,0.027269761320779],[38.00989295348318,0.06065599232073]]]},"properties":{"OBJECTID":14,"ID_":3303,"COUNTY_NAM":"THARAKA - NITHI","CONST_CODE":60,"CONSTITUEN":"MAARA","COUNTY_COD":13,"Shape_Leng":2.9883739317,"Shape_Area":0.20962152815}},
{"type":"Feature","geometry":{"type":"Polygon","coordinates":[[[37.48413611748315,-0.591443617679263],[37.486943734483184,-0.611463148679266],[37.48114539448317,-0.629346449679249],[37.47351600048318,-0.650769789679262],[37.4761405114832,-0.663159925679227],[37.47730017948316,-0.675977308679253],[37.47730017948316,-0.679151136679254],[37.4793143394832,-0.714978773679266],[37.4671073084832,-0.730542738679221],[37.459538949483196,-0.73518141067922],[37.40674353948315,-0.750135023679266],[37.3909354334832,-0.754834730679252],[37.3740897304832,-0.764539320679264],[37.36133338248316,-0.764539320679264],[37.34589148848317,-0.774060804679268],[37.321294320483155,-0.762464125679233],[37.2678885584832,-0.779065687679238],[37.2678885584832,-0.787366468679241],[37.273137582483166,-0.787183363679221],[37.34711219148317,-0.84486158667926],[37.352117074483196,-0.845960218679241],[37.358708871483195,-0.844373304679268],[37.366887582483166,-0.847180922679231],[37.3865409024832,-0.853162367679263],[37.3941092614832,-0.85535963267927],[37.41473914448317,-0.854871351679267],[37.415898812483185,-0.862256605679252],[37.45593787548318,-0.872266371679248],[37.46112586348317,-0.874280531679235],[37.471135629483165,-0.87684400767927],[37.475713265483186,-0.889173109679237],[37.482305062483185,-0.89533766067922],[37.508916390483186,-0.903577406679235],[37.51630164448317,-0.905164320679264],[37.516911996483195,-0.91004713267927],[37.51831580448316,-0.917737562679238],[37.53534461348317,-0.910352308679253],[37.54272986748315,-0.889661390679239],[37.558293832483166,-0.878552992679263],[37.602117074483196,-0.864331800679227],[37.6065116054832,-0.857373793679246],[37.65271521848319,-0.846875746679248],[37.66528846148315,-0.848157484679237],[37.66992713248316,-0.840772230679252],[37.681890023483156,-0.798963148679266],[37.69312049248315,-0.797071058679253],[37.6995291834832,-0.787732679679268],[37.706914437483185,-0.784131605679252],[37.711492074483196,-0.782971937679238],[37.72211219148317,-0.782178480679252],[37.74451209348319,-0.781629164679262],[37.746343148483156,-0.785474379679217],[37.7625174644832,-0.826245863679221],[37.77533484748317,-0.824658949679249],[37.78369666448315,-0.82606275767927],[37.798711312483185,-0.815381605679252],[37.806890023483156,-0.805249769679224],[37.818913949483196,-0.807263929679268],[37.830327523483156,-0.810742933679253],[37.835088265483186,-0.815930922679231],[37.86731482848318,-0.812573988679221],[37.87909461348317,-0.809033949679249],[37.884099496483195,-0.787854750679233],[37.89331580448316,-0.777173597679225],[37.900090707483166,-0.763745863679221],[37.9031424644832,-0.760755140679239],[37.907903207483166,-0.75275953567922],[37.91034461348317,-0.749463636679254],[37.91650916448315,-0.731336195679264],[37.913091195483155,-0.713574964679256],[37.90869666448315,-0.713269789679262],[37.9053397304832,-0.711865980679252],[37.9031424644832,-0.687573988679221],[37.8963065274832,-0.675550062679238],[37.89594031648317,-0.669446547679231],[37.893743050483174,-0.653760511679254],[37.901494515483186,-0.645154554679268],[37.92011023848317,-0.631177504679217],[37.912541879483165,-0.615064222679225],[37.89453650748316,-0.594129164679262],[37.88672400748316,-0.572644789679262],[37.885930550483174,-0.547864515679239],[37.88550330448316,-0.530469496679248],[37.89349891048317,-0.512769300679227],[37.9072928554832,-0.485974867679263],[37.9129080894832,-0.473828871679248],[37.93494178148318,-0.44056471167926],[37.92773963248316,-0.430432875679233],[37.92432166448315,-0.428662855679252],[37.922307504483165,-0.41767652767925],[37.900090707483166,-0.398755629679217],[37.890508187483185,-0.392163832679219],[37.89209510148316,-0.385266859679237],[37.895696175483174,-0.37775953567922],[37.89453650748316,-0.35908277767925],[37.89014197648316,-0.348035414679262],[37.881108773483156,-0.350354750679233],[37.870305550483174,-0.36903150767927],[37.85931922248317,-0.389661390679239],[37.850713265483186,-0.396131117679263],[37.846135629483165,-0.404981214679256],[37.832097543483194,-0.408460218679241],[37.829106820483155,-0.411145765679239],[37.82611609748317,-0.416577894679224],[37.82153846148315,-0.420056898679266],[37.81653357848318,-0.427136976679267],[37.7769217614832,-0.449842054679268],[37.75531531648317,-0.449536879679217],[37.74109412548318,-0.448682386679254],[37.733525765483186,-0.452344496679248],[37.6995291834832,-0.441175062679238],[37.68494178148318,-0.432141859679237],[37.63953162548318,-0.404370863679221],[37.62073279648319,-0.391980726679267],[37.6030936364832,-0.386975843679241],[37.5855155114832,-0.373365004679217],[37.55170203548317,-0.361768324679249],[37.30853797248317,-0.15205152767925],[37.42651892948316,-0.430982191679223],[37.423894418483194,-0.441968519679224],[37.423711312483185,-0.445874769679224],[37.42792273848317,-0.456067640679239],[37.4273123864832,-0.47254713267927],[37.42651892948316,-0.507276136679254],[37.4295096524832,-0.513440687679238],[37.44672156648317,-0.537671644679224],[37.47668982848318,-0.567639906679235],[37.47693396848319,-0.570752699679249],[37.48413611748315,-0.591443617679263]]]},"properties":{"OBJECTID":15,"ID_":3567,"COUNTY_NAM":"EMBU","CONST_CODE":64,"CONSTITUEN":"RUNYENJES","COUNTY_COD":14,"Shape_Leng":3.20577801845,"Shape_Area":0.22934267389}},
{"type":"Feature","geometry":{"type":"Polygon","coordinates":[[[38.32831336348317,-0.070081312679238],[38.32294226948317,-0.06416090267925],[38.31848670348318,-0.059949476679267],[38.30273963248316,-0.067578871679248],[38.29169226948317,-0.080762464679256],[38.28833533648321,-0.086560804679268],[38.2713065274832,-0.098950941679223],[38.26312781648317,-0.096753675679227],[38.21692420348318,-0.114575941679223],[38.2127127774832,-0.12806471167926],[38.1961112144832,-0.150464613679221],[38.186101449483196,-0.160230238679221],[38.18530799248315,-0.172254164679262],[38.183293832483166,-0.192334730679252],[38.1729178554832,-0.21204908667926],[38.164495004483165,-0.23518141067922],[38.15051795348318,-0.243482191679223],[38.140508187483185,-0.247266371679248],[38.138921273483156,-0.253858168679246],[38.1265311364832,-0.269666273679266],[38.114934457483166,-0.279065687679238],[38.1030936364832,-0.281873304679268],[38.0908866054832,-0.277173597679225],[38.07629920348318,-0.276441175679227],[38.06873084348319,-0.277356703679234],[38.06512976948317,-0.277173597679225],[38.05811072648316,-0.277967054679268],[38.03711463248316,-0.276136000679233],[38.02411414448317,-0.269544203679234],[38.01209021848319,-0.268872816679223],[37.99390174248315,-0.277967054679268],[37.990300668483194,-0.292554457679219],[37.980535043483194,-0.314282972679225],[37.9827323084832,-0.317334730679252],[37.9780936364832,-0.335950453679234],[37.973088754483165,-0.344434339679256],[37.97632361748315,-0.352857191679223],[37.9749198084832,-0.359754164679262],[37.972539437483185,-0.361768324679249],[37.97333289448317,-0.37025221167926],[37.97009803148318,-0.387036879679217],[37.969914925483174,-0.400342543679246],[37.95190955448316,-0.427869398679266],[37.94409705448316,-0.429273207679219],[37.941289437483185,-0.427869398679266],[37.93494178148318,-0.44056471167926],[37.9129080894832,-0.473828871679248],[37.9072928554832,-0.485974867679263],[37.89349891048317,-0.512769300679227],[37.88550330448316,-0.530469496679248],[37.885930550483174,-0.547864515679239],[37.88672400748316,-0.572644789679262],[37.89453650748316,-0.594129164679262],[37.912541879483165,-0.615064222679225],[37.92011023848317,-0.631177504679217],[37.901494515483186,-0.645154554679268],[37.893743050483174,-0.653760511679254],[37.89594031648317,-0.669446547679231],[37.8963065274832,-0.675550062679238],[37.9031424644832,-0.687573988679221],[37.9053397304832,-0.711865980679252],[37.90869666448315,-0.713269789679262],[37.913091195483155,-0.713574964679256],[37.91650916448315,-0.731336195679264],[37.91034461348317,-0.749463636679254],[37.907903207483166,-0.75275953567922],[37.9031424644832,-0.760755140679239],[37.900090707483166,-0.763745863679221],[37.89331580448316,-0.777173597679225],[37.884099496483195,-0.787854750679233],[37.87909461348317,-0.809033949679249],[37.86731482848318,-0.812573988679221],[37.84570838248316,-0.817273695679264],[37.838323129483165,-0.85145338267927],[37.830510629483165,-0.860059339679256],[37.82971717148319,-0.86317213267927],[37.822331918483194,-0.882581312679238],[37.81909705448316,-0.898877699679249],[37.8245291834832,-0.902539808679253],[37.8386893394832,-0.922376234679237],[37.84351111748315,-0.926343519679224],[37.847539437483185,-0.931165297679231],[37.8499198084832,-0.933545668679246],[37.8530936364832,-0.940381605679252],[37.8511405114832,-0.943555433679253],[37.847905648483156,-0.948743422679231],[37.8530936364832,-0.963147718679241],[37.84570838248316,-0.966565687679238],[37.863896859483184,-0.981336195679264],[37.85889197648316,-0.987744886679254],[37.847539437483185,-1.031262953679234],[37.84192420348318,-1.054334242679263],[37.83630896848319,-1.062329847679225],[37.81531287548318,-1.087964613679221],[37.806706918483194,-1.107556898679266],[37.80249549248315,-1.118848402679251],[37.792119515483186,-1.125684339679256],[37.7678885584832,-1.107740004679274],[37.753118050483174,-1.096753675679227],[37.69330359748317,-1.084363539679262],[37.667119515483186,-1.086072523679266],[37.596318734483184,-1.089246351679267],[37.59851600048318,-1.133374769679224],[37.61414100048318,-1.144544203679234],[37.63373328548317,-1.162976820679264],[37.645085824483196,-1.186170179679268],[37.650090707483166,-1.198255140679239],[37.67554236748315,-1.231153089679256],[37.68213416448315,-1.236157972679225],[37.689336312483185,-1.246656019679224],[37.69653846148315,-1.263379652679251],[37.70453406648317,-1.278577406679235],[37.72473670348318,-1.319348890679239],[37.729131234483184,-1.331067640679239],[37.73828650748316,-1.344739515679239],[37.74548865648318,-1.352857191679223],[37.76312781648317,-1.357556898679266],[37.7691092614832,-1.359632093679241],[37.77612830448316,-1.362683851679267],[37.7866873864832,-1.37775953567922],[37.79053260148316,-1.378247816679223],[37.79492713248316,-1.386365492679263],[37.80609656648317,-1.401563246679248],[37.80994178148318,-1.421460707679219],[37.81091834348319,-1.426160414679262],[37.8132987144832,-1.434461195679264],[37.81592322648316,-1.442761976679267],[37.81030799248315,-1.449964125679233],[37.80469275748316,-1.453870375679233],[37.798894418483194,-1.458081800679227],[37.77094031648317,-1.489453871679248],[37.74609900748316,-1.49525221167926],[37.72992469148317,-1.497266371679248],[37.71234656648317,-1.490979750679233],[37.69812537548318,-1.498365004679274],[37.697515023483156,-1.503675062679238],[37.71411658648315,-1.511975843679241],[37.73193885148316,-1.542066175679227],[37.75171424248315,-1.562879164679262],[37.75732947648316,-1.571179945679264],[37.766728890483186,-1.58387525767927],[37.77771521848319,-1.59846266067922],[37.78534461348317,-1.613965589679256],[37.82190467148319,-1.683179457679219],[37.84589148848317,-1.722364027679251],[37.84692908648315,-1.769177992679263],[37.84033728948315,-1.774365980679252],[37.84351111748315,-1.788281996679248],[37.844914925483174,-1.792066175679227],[37.85193396848319,-1.801953871679248],[37.879521859483184,-1.831739027679251],[37.8909354334832,-1.838147718679241],[37.88831092148319,-1.846265394679224],[37.8897147304832,-1.861157972679225],[37.90033484748317,-1.863477308679253],[37.909490121483195,-1.905835707679219],[37.914128793483194,-1.904553968679241],[37.91211463248316,-1.92176588267927],[37.9116873864832,-1.92493971167926],[37.91834021848319,-1.965467054679268],[37.930303109483184,-1.998670179679268],[37.94214392948316,-2.032849867679264],[37.9461112144832,-2.039380629679275],[37.955144418483194,-2.058972914679263],[37.9605155114832,-2.082959730679253],[37.95789100048318,-2.114453871679249],[37.964543832483166,-2.153577406679236],[37.96533728948315,-2.163831312679239],[37.977727425483174,-2.164868910679221],[38.01050330448316,-2.153943617679264],[38.048894418483194,-2.170972425679228],[38.0491385584832,-2.181958754679275],[38.051946175483174,-2.186231214679257],[38.06030799248315,-2.207959730679253],[38.066106332483166,-2.214063246679249],[38.06812049248315,-2.219251234679238],[38.072331918483194,-2.240979750679234],[38.08630896848319,-2.268140394679225],[38.11108924248315,-2.293836195679265],[38.11011267948316,-2.302075941679224],[38.11572791448315,-2.305066664679263],[38.1240897304832,-2.320935804679269],[38.13153601948317,-2.323865492679264],[38.164495004483165,-2.335767347679226],[38.18713904648319,-2.34138258267922],[38.22211219148317,-2.398572523679267],[38.224309457483166,-2.40192945767922],[38.2315116054832,-2.40388258267922],[38.23431922248317,-2.406751234679238],[38.235539925483174,-2.409680922679232],[38.2381034024832,-2.412061293679248],[38.24170447648316,-2.412976820679265],[38.2449393394832,-2.414441664679263],[38.2468924644832,-2.416577894679225],[38.248113168483194,-2.419141371679249],[38.251103890483186,-2.421582777679252],[38.2537284024832,-2.423169691679224],[38.27094031648317,-2.424573500679234],[38.28552771848319,-2.466870863679223],[38.28992225048318,-2.486463148679267],[38.32190467148319,-2.531629164679263],[38.321294320483155,-2.534864027679252],[38.322515023483156,-2.542066175679228],[38.32953406648317,-2.552136976679268],[38.33594275748316,-2.555554945679265],[38.33270789448317,-2.56403883267922],[38.33350135148316,-2.567761976679268],[38.33612586348317,-2.574842054679269],[38.38232947648316,-2.670667250679234],[38.396733773483156,-2.70747144967925],[38.40710975048318,-2.733167250679234],[38.414128793483194,-2.751844007679271],[38.42151404648319,-2.762830336679262],[38.431890023483156,-2.844556410679221],[38.43750525748316,-2.857984144679225],[38.443913949483196,-2.879163343679242],[38.454289925483174,-2.888562757679271],[38.47693396848319,-2.938672621679249],[38.5115409024832,-2.968274672679232],[38.515508187483185,-2.974256117679264],[38.52271033648321,-2.977063734679238],[38.557744515483186,-2.987439711679262],[38.56873084348319,-2.988965589679257],[38.5720877774832,-2.988965589679257],[38.58350135148316,-2.989636976679268],[38.588323129483165,-2.994641859679238],[38.60230017948316,-3.001050550679228],[38.60889197648316,-2.997449476679268],[38.61011267948316,-3.009168226679268],[38.632512582483166,-3.014051039679263],[38.6428885584832,-3.014966566679224],[38.65051795348318,-3.021863539679263],[38.65430213248316,-3.027234632679271],[38.68451453548317,-3.037366468679242],[38.7049002774832,-3.034375746679249],[38.716130746483195,-3.036634047679232],[38.725713265483186,-3.039746839679257],[38.74890662548318,-3.046765882679271],[38.75330115648318,-3.048230726679268],[38.7703299644832,-3.045545179679269],[38.789495004483165,-3.050244886679256],[38.79773475048318,-3.053662855679253],[38.80054236748315,-3.05427320767922],[38.8101248864832,-3.056043226679268],[38.80994178148318,-3.059766371679249],[38.81830359748317,-3.069654066679224],[38.82611609748317,-3.063672621679249],[38.847905648483156,-3.06294019967925],[38.85193396848319,-3.062879164679263],[38.8765311364832,-3.051648695679265],[38.8797049644832,-3.049146254679275],[38.90369178148318,-3.044568617679264],[38.93750525748316,-3.036939222679226],[38.940740121483195,-3.037061293679248],[38.9749198084832,-3.041944105679253],[38.987309945483155,-3.034864027679252],[38.99213172248317,-3.028455336679262],[38.996526254483165,-3.027356703679235],[39.0191092614832,-3.026868422679232],[39.0281424644832,-3.023267347679226],[39.0413260584832,-3.025952894679225],[39.045537484483184,-3.024549086679262],[39.05469275748316,-3.03614576567924],[39.06592322648316,-3.043653089679257],[39.07611609748317,-3.043164808679254],[38.624700082483166,-2.413831312679239],[38.627934945483155,-2.413770277679252],[38.6384940274832,-2.418042738679223],[38.713506234483184,-2.399365980679253],[38.73389197648316,-2.38044508267922],[38.737493050483174,-2.369153578679235],[38.793523324483196,-2.343946058679254],[38.7966971524832,-2.343457777679252],[38.930303109483184,-2.084058363679223],[39.0003104334832,-1.948255140679239],[39.00793982848318,-1.889051039679262],[38.95972205448316,-1.704358656679235],[38.9658866054832,-1.699658949679249],[38.98132850048318,-1.691541273679266],[38.99750281648317,-1.635266859679237],[38.96234656648317,-1.05457838267927],[38.9382987144832,-1.003552992679263],[38.806890023483156,-0.728772718679241],[38.765508187483185,-0.658948500679233],[38.66333533648321,-0.48518141067922],[38.6343436364832,-0.435742933679253],[38.539128793483194,-0.274060804679268],[38.496343148483156,-0.202344496679248],[38.480535043483194,-0.175061781679235],[38.46814490648318,-0.154431898679266],[38.417302621483195,-0.074658949679249],[38.391728890483186,-0.079480726679267],[38.389287484483184,-0.085767347679225],[38.32831336348317,-0.070081312679238]]]},"properties":{"OBJECTID":16,"ID_":5251,"COUNTY_NAM":"KITUI","CONST_CODE":73,"CONSTITUEN":"KITUI EAST","COUNTY_COD":15,"Shape_Leng":8.74448750335,"Shape_Area":2.47528086643}},
{"type":"Feature","geometry":{"type":"Polygon","coordinates":[[[37.746343148483156,-0.785474379679217],[37.74451209348319,-0.781629164679262],[37.72211219148317,-0.782178480679252],[37.711492074483196,-0.782971937679238],[37.706914437483185,-0.784131605679252],[37.6995291834832,-0.787732679679268],[37.69312049248315,-0.797071058679253],[37.681890023483156,-0.798963148679266],[37.66992713248316,-0.840772230679252],[37.66528846148315,-0.848157484679237],[37.65271521848319,-0.846875746679248],[37.6065116054832,-0.857373793679246],[37.602117074483196,-0.864331800679227],[37.558293832483166,-0.878552992679263],[37.54272986748315,-0.889661390679239],[37.53534461348317,-0.910352308679253],[37.51831580448316,-0.917737562679238],[37.516911996483195,-0.91004713267927],[37.51630164448317,-0.905164320679264],[37.508916390483186,-0.903577406679235],[37.482305062483185,-0.89533766067922],[37.475713265483186,-0.889173109679237],[37.471135629483165,-0.87684400767927],[37.46112586348317,-0.874280531679235],[37.45593787548318,-0.872266371679248],[37.415898812483185,-0.862256605679252],[37.41473914448317,-0.854871351679267],[37.3941092614832,-0.85535963267927],[37.3865409024832,-0.853162367679263],[37.366887582483166,-0.847180922679231],[37.358708871483195,-0.844373304679268],[37.352117074483196,-0.845960218679241],[37.34711219148317,-0.84486158667926],[37.273137582483166,-0.787183363679221],[37.262334359483184,-0.807630140679239],[37.2612967614832,-0.818555433679253],[37.229131234483184,-0.84846266067922],[37.23669959348319,-0.858472425679227],[37.30054236748315,-0.908582289679262],[37.322331918483194,-0.930371839679256],[37.348088754483165,-0.958936293679246],[37.357305062483185,-0.953076918679246],[37.3389334804832,-0.987683851679267],[37.38013221148315,-0.999463636679254],[37.40674353948315,-1.01447828567922],[37.41870642948316,-1.038343031679235],[37.365300668483194,-1.093030531679235],[37.35931922248317,-1.100537855679252],[37.3465018394832,-1.115430433679253],[37.34131385148316,-1.116162855679252],[37.339726937483185,-1.113538343679241],[37.32953406648317,-1.103955824679249],[37.32312537548318,-1.097241957679219],[37.30591346148315,-1.081677992679263],[37.29932166448315,-1.074353773679266],[37.2913260584832,-1.072339613679221],[37.2713065274832,-1.068982679679268],[37.255742562483185,-1.07533033667926],[37.24109412548318,-1.078565199679249],[37.22852088248316,-1.076428968679241],[37.2127127774832,-1.080152113679221],[37.2061209804832,-1.085462172679231],[37.195928109483184,-1.093152601679267],[37.1929373864832,-1.095044691679223],[37.18890906648317,-1.105664808679253],[37.18311072648316,-1.108960707679219],[37.176335824483196,-1.115979750679233],[37.17810584348319,-1.123365004679274],[37.182927621483195,-1.165967543679247],[37.1572928554832,-1.194837172679231],[37.158086312483185,-1.20197828567922],[37.1265311364832,-1.233167250679233],[37.11951209348319,-1.239453871679248],[37.116887582483166,-1.248548109679237],[37.113896859483184,-1.247876722679225],[37.10388709348319,-1.264844496679248],[37.097539437483185,-1.274060804679268],[37.085088265483186,-1.279431898679266],[37.07690955448316,-1.28626783667926],[37.066106332483166,-1.301343519679224],[36.99548865648318,-1.281446058679253],[36.98431922248317,-1.314832289679262],[36.97412635148316,-1.33704908667926],[36.9636893394832,-1.351331312679238],[36.93451453548317,-1.338758070679264],[36.9072928554832,-1.363355238679221],[36.91693641048317,-1.37775953567922],[36.923894418483194,-1.393933851679267],[36.93213416448315,-1.398267347679225],[36.947515023483156,-1.421948988679221],[36.959538949483196,-1.436536390679239],[36.958318246483195,-1.441663343679241],[36.95111609748317,-1.437940199679249],[36.941106332483166,-1.432935316679223],[36.909490121483195,-1.422864515679239],[36.88470984748317,-1.445935804679268],[36.87891150748316,-1.477979261679254],[36.8928885584832,-1.482068617679263],[36.89648963248316,-1.479749281679235],[36.90692664448317,-1.471936781679235],[36.91492225048318,-1.466748793679247],[36.91791297248317,-1.464978773679266],[36.923894418483194,-1.459180433679253],[36.93372107848318,-1.457166273679266],[36.94470740648318,-1.455274183679253],[36.94812537548318,-1.461682875679233],[36.97333289448317,-1.487683851679267],[36.974309457483166,-1.50184400767927],[36.96692420348318,-1.510083754679274],[36.9639334804832,-1.517957289679262],[36.9573416834832,-1.538343031679235],[36.9636893394832,-1.552930433679253],[36.967900765483186,-1.556165297679231],[36.98474646848319,-1.565930922679231],[37.04968787548318,-1.651868422679231],[37.076726449483196,-1.688184339679256],[37.117742074483196,-1.738965589679256],[37.124700082483166,-1.74207838267927],[37.14252234748317,-1.738050062679238],[37.14929725048318,-1.747571547679231],[37.148137582483166,-1.752454359679237],[37.15173865648318,-1.763135511679254],[37.152898324483196,-1.777539808679253],[37.1663260584832,-1.763379652679251],[37.18689490648318,-1.737378675679227],[37.197331918483194,-1.722364027679251],[37.192510140483186,-1.655164320679264],[37.17572547248317,-1.619336683679253],[37.232488168483194,-1.591382582679219],[37.245122445483155,-1.594373304679268],[37.253118050483174,-1.628430922679231],[37.254521859483184,-1.640576918679247],[37.28992225048318,-1.700879652679251],[37.30310584348319,-1.707959730679252],[37.321294320483155,-1.703382093679241],[37.3386893394832,-1.703565199679249],[37.34851600048318,-1.706555922679231],[37.36572791448315,-1.706433851679267],[37.3797049644832,-1.70496900767927],[37.38812781648317,-1.700879652679251],[37.40869666448315,-1.692273695679264],[37.406133187483185,-1.678662855679252],[37.393743050483174,-1.655042250679233],[37.38348914448317,-1.638379652679251],[37.37854529648319,-1.626172621679248],[37.3765311364832,-1.621350843679241],[37.37250281648317,-1.61018141067922],[37.35632850048318,-1.586072523679266],[37.34833289448317,-1.578565199679249],[37.338506234483184,-1.566846449679249],[37.34070350048318,-1.557080824679249],[37.34729529648319,-1.553662855679252],[37.354497445483155,-1.548657972679225],[37.370122445483155,-1.532239515679239],[37.39252234748317,-1.523267347679225],[37.40033484748317,-1.522962172679231],[37.4241385584832,-1.532849867679263],[37.4363455894832,-1.533765394679224],[37.45349646848319,-1.525952894679224],[37.455693734483184,-1.524060804679268],[37.47992469148317,-1.518750746679248],[37.487309945483155,-1.517957289679262],[37.49414588248316,-1.522046644679224],[37.50513221148315,-1.529431898679266],[37.5093436364832,-1.529431898679266],[37.51892615648318,-1.533582289679262],[37.548528207483166,-1.539136488679221],[37.551335824483196,-1.547254164679262],[37.5523123864832,-1.550855238679221],[37.557927621483195,-1.557141859679237],[37.564336312483185,-1.561780531679235],[37.57654334348319,-1.560742933679253],[37.58270789448317,-1.563977797679231],[37.5955252774832,-1.556043226679267],[37.6077323084832,-1.56434400767927],[37.614934457483166,-1.566663343679241],[37.62231971148315,-1.580030043679247],[37.632512582483166,-1.591748793679247],[37.64349891048317,-1.600537855679252],[37.64349891048317,-1.606946547679231],[37.645085824483196,-1.615979750679233],[37.65588904648319,-1.633252699679249],[37.65710975048318,-1.63856275767927],[37.665898812483185,-1.645764906679235],[37.68311072648316,-1.625562269679224],[37.6882987144832,-1.61604078567922],[37.6863455894832,-1.592542250679233],[37.689702523483156,-1.589551527679251],[37.703740609483184,-1.588880140679239],[37.72211219148317,-1.609448988679221],[37.72510291448315,-1.606763441679223],[37.74414588248316,-1.572949964679256],[37.75073767948316,-1.570752699679249],[37.75171424248315,-1.562879164679262],[37.73193885148316,-1.542066175679227],[37.71411658648315,-1.511975843679241],[37.697515023483156,-1.503675062679238],[37.69812537548318,-1.498365004679274],[37.71234656648317,-1.490979750679233],[37.72992469148317,-1.497266371679248],[37.74609900748316,-1.49525221167926],[37.77094031648317,-1.489453871679248],[37.798894418483194,-1.458081800679227],[37.80469275748316,-1.453870375679233],[37.81030799248315,-1.449964125679233],[37.81592322648316,-1.442761976679267],[37.8132987144832,-1.434461195679264],[37.81091834348319,-1.426160414679262],[37.80994178148318,-1.421460707679219],[37.80609656648317,-1.401563246679248],[37.79492713248316,-1.386365492679263],[37.79053260148316,-1.378247816679223],[37.7866873864832,-1.37775953567922],[37.77612830448316,-1.362683851679267],[37.7691092614832,-1.359632093679241],[37.76312781648317,-1.357556898679266],[37.74548865648318,-1.352857191679223],[37.73828650748316,-1.344739515679239],[37.729131234483184,-1.331067640679239],[37.72473670348318,-1.319348890679239],[37.70453406648317,-1.278577406679235],[37.69653846148315,-1.263379652679251],[37.689336312483185,-1.246656019679224],[37.68213416448315,-1.236157972679225],[37.67554236748315,-1.231153089679256],[37.650090707483166,-1.198255140679239],[37.645085824483196,-1.186170179679268],[37.63373328548317,-1.162976820679264],[37.61414100048318,-1.144544203679234],[37.59851600048318,-1.133374769679224],[37.5955252774832,-1.088880140679239],[37.667119515483186,-1.086072523679266],[37.69330359748317,-1.084363539679262],[37.753118050483174,-1.096753675679227],[37.7678885584832,-1.107740004679274],[37.792119515483186,-1.125684339679256],[37.80249549248315,-1.118848402679251],[37.806706918483194,-1.107556898679266],[37.81531287548318,-1.087964613679221],[37.83630896848319,-1.062329847679225],[37.84192420348318,-1.054334242679263],[37.847539437483185,-1.031262953679234],[37.85889197648316,-0.987744886679254],[37.863896859483184,-0.981336195679264],[37.84570838248316,-0.966565687679238],[37.8530936364832,-0.963147718679241],[37.847905648483156,-0.948743422679231],[37.8511405114832,-0.943555433679253],[37.8530936364832,-0.940381605679252],[37.8499198084832,-0.933545668679246],[37.847539437483185,-0.931165297679231],[37.84351111748315,-0.926343519679224],[37.8386893394832,-0.922376234679237],[37.8245291834832,-0.902539808679253],[37.81909705448316,-0.898877699679249],[37.822331918483194,-0.882581312679238],[37.82971717148319,-0.86317213267927],[37.830510629483165,-0.860059339679256],[37.838323129483165,-0.85145338267927],[37.84570838248316,-0.817273695679264],[37.835088265483186,-0.815930922679231],[37.830327523483156,-0.810742933679253],[37.818913949483196,-0.807263929679268],[37.806890023483156,-0.805249769679224],[37.798711312483185,-0.815381605679252],[37.78369666448315,-0.82606275767927],[37.77533484748317,-0.824658949679249],[37.7625174644832,-0.826245863679221],[37.746343148483156,-0.785474379679217]]]},"properties":{"OBJECTID":17,"ID_":5438,"COUNTY_NAM":"MACHAKOS","CONST_CODE":76,"CONSTITUEN":"YATTA","COUNTY_COD":16,"Shape_Leng":5.69857534187,"Shape_Area":0.49098460969}},
{"type":"Feature","geometry":{"type":"Polygon","coordinates":[[[36.51209021848319,0.086656968320765],[36.48572303148318,0.114672105320776],[36.44373084348319,0.094835679320736],[36.43451453548317,0.086473863320746],[36.42590857848318,0.042833726320734],[36.40588904648319,0.038622300320751],[36.39471961348317,0.03044358932078],[36.3875174644832,0.026476304320736],[36.35291053148318,0.018053452320769],[36.34412146848319,0.029467027320775],[36.3211112144832,0.018236558320777],[36.31189490648318,0.016832749320767],[36.303899300483174,0.011034410320744],[36.281499398483156,0.003038804320736],[36.273137582483166,-0.002149183679253],[36.262700570483155,-0.020948011679254],[36.2569022304832,-0.026441175679227],[36.2490897304832,-0.102979261679254],[36.2283377774832,-0.114881117679263],[36.22009803148318,-0.113355238679221],[36.20154334348319,-0.136548597679225],[36.21094275748316,-0.184339125679233],[36.21252967148319,-0.192029554679268],[36.23828650748316,-0.230664808679253],[36.24548865648318,-0.25556715267925],[36.2136893394832,-0.271253187679238],[36.21729041448315,-0.307630140679239],[36.2261405114832,-0.34736402767925],[36.235539925483174,-0.344251234679237],[36.242742074483196,-0.345655043679246],[36.24609900748316,-0.347058851679267],[36.253118050483174,-0.342664320679264],[36.276494515483186,-0.392835218679241],[36.29370642948316,-0.373731214679256],[36.3154959804832,-0.386243422679231],[36.3233084804832,-0.387342054679268],[36.3433280114832,-0.385633070679264],[36.363896859483184,-0.390271742679263],[36.365300668483194,-0.393567640679239],[36.38031531648317,-0.416883070679264],[36.38611365648318,-0.427259047679231],[36.389287484483184,-0.449231703679234],[36.389104379483165,-0.464673597679225],[36.391728890483186,-0.466565687679238],[36.396733773483156,-0.486463148679266],[36.403508675483174,-0.508374769679224],[36.40588904648319,-0.52314527767925],[36.40210486748315,-0.529065687679238],[36.40369178148318,-0.547071058679253],[36.4050955894832,-0.564038832679219],[36.422307504483165,-0.573560316679223],[36.4561209804832,-0.605847914679262],[36.4636893394832,-0.621045668679246],[36.51190711348317,-0.615552504679217],[36.520085824483196,-0.626233656679235],[36.5178885584832,-0.633130629679217],[36.521916879483165,-0.653333265679239],[36.531499398483156,-0.671948988679221],[36.52148963248316,-0.710950453679234],[36.5366873864832,-0.749951918679246],[36.537724984483184,-0.75275953567922],[36.543523324483196,-0.775830824679249],[36.5601248864832,-0.838941175679227],[36.55310584348319,-0.855054457679219],[36.553716195483155,-0.862683851679267],[36.54773475048318,-0.899732191679223],[36.54492713248316,-0.908338148679266],[36.556706918483194,-0.919934828679234],[36.5711112144832,-0.910230238679221],[36.566106332483166,-0.903760511679254],[36.584538949483196,-0.89173658667926],[36.59534217148319,-0.877942640679239],[36.592900765483186,-0.850232679679268],[36.591496957483166,-0.844373304679268],[36.5967459804832,-0.82893141067922],[36.622930062483185,-0.831372816679223],[36.63049842148319,-0.820569593679241],[36.654546273483156,-0.773633558679253],[36.64648963248316,-0.773084242679263],[36.6629080894832,-0.767774183679253],[36.68250037548318,-0.762464125679233],[36.6904959804832,-0.768140394679224],[36.7027030114832,-0.782178480679252],[36.70990516048317,-0.788037855679252],[36.71948767948316,-0.802259047679231],[36.722722543483194,-0.801953871679248],[36.7236991054832,-0.790357191679223],[36.72089148848317,-0.781262953679234],[36.72992469148317,-0.780164320679264],[36.73309851948317,-0.776746351679267],[36.71692420348318,-0.734632093679241],[36.714543832483166,-0.728467543679246],[36.7139334804832,-0.714673597679225],[36.71033240648318,-0.707166273679266],[36.709538949483196,-0.702771742679263],[36.70874549248315,-0.677930433679253],[36.708318246483195,-0.657666761679254],[36.706914437483185,-0.642163832679219],[36.704106820483155,-0.624463636679254],[36.6904959804832,-0.604871351679267],[36.6804862144832,-0.587659437679238],[36.6804862144832,-0.583264906679235],[36.67273475048318,-0.575635511679254],[36.67133094148317,-0.568738539679262],[36.67029334348319,-0.54853590267925],[36.668523324483196,-0.541577894679224],[36.66492225048318,-0.528333265679239],[36.659307015483186,-0.516858656679235],[36.65894080448316,-0.507276136679254],[36.65210486748315,-0.459546644679224],[36.65131141048317,-0.44306715267925],[36.632512582483166,-0.38978346167926],[36.61609412548318,-0.378369886679254],[36.60474158648315,-0.371472914679262],[36.60834266048317,-0.363782484679237],[36.609929574483196,-0.334973890679239],[36.623296273483156,-0.29676588267927],[36.641728890483186,-0.26356275767927],[36.65051795348318,-0.248181898679266],[36.660710824483196,-0.229261000679233],[36.69092322648316,-0.174268324679249],[36.65692664448317,-0.15315016067922],[36.64209510148316,-0.120740492679263],[36.63568641048317,-0.106641371679248],[36.59314490648318,-0.10236891067922],[36.5557303554832,-0.090344984679237],[36.551946175483174,-0.069531996679248],[36.56049109748317,-0.050855238679221],[36.56268836348317,-0.043042738679221],[36.58289100048318,-0.022168714679256],[36.65112830448316,-0.016065199679249],[36.6052909024832,0.003038804320736],[36.5921073084832,0.04185716332074],[36.57849646848319,0.069628160320744],[36.573918832483166,0.068224351320734],[36.52411414448317,0.04802171432078],[36.52112342148319,0.057665269320748],[36.51209021848319,0.086656968320765]]]},"properties":{"OBJECTID":18,"ID_":3699,"COUNTY_NAM":"NYANDARUA","CONST_CODE":90,"CONSTITUEN":"KIPIPIRI","COUNTY_COD":18,"Shape_Leng":3.48082504881,"Shape_Area":0.26542309571}},
{"type":"Feature","geometry":{"type":"Polygon","coordinates":[[[37.08612586348317,-0.01283033667926],[37.07813025748316,0.006456773320733],[37.072515023483156,0.004259507320737],[37.06873084348319,-0.002332289679262],[37.0545096524832,-0.007459242679263],[37.04834510148316,-0.019666273679266],[37.02631141048317,-0.048963148679266],[36.98651648848317,-0.069043714679256],[36.979131234483184,-0.07923658667926],[36.985539925483174,-0.129163343679241],[36.9949393394832,-0.143140394679224],[37.004521859483184,-0.148450453679234],[37.01013709348319,-0.156629164679262],[37.012334359483184,-0.228772718679241],[37.010320199483196,-0.241956312679238],[36.99890662548318,-0.271436293679246],[36.9627127774832,-0.284375746679248],[36.8884940274832,-0.261243422679231],[36.857305062483185,-0.254956800679227],[36.84253455448316,-0.204846937679238],[36.85230017948316,-0.196729261679254],[36.8655448084832,-0.186841566679223],[36.863896859483184,-0.158582289679262],[36.85510779648319,-0.140271742679263],[36.832097543483194,-0.134778578679234],[36.793523324483196,-0.107556898679266],[36.75232459348319,-0.120557386679254],[36.730901254483165,-0.125379164679262],[36.71094275748316,-0.13587721167926],[36.6995291834832,-0.13947828567922],[36.66052771848319,-0.15223463267927],[36.69092322648316,-0.174268324679249],[36.660710824483196,-0.229261000679233],[36.65051795348318,-0.248181898679266],[36.641728890483186,-0.26356275767927],[36.623296273483156,-0.29676588267927],[36.609929574483196,-0.334973890679239],[36.60834266048317,-0.363782484679237],[36.60474158648315,-0.371472914679262],[36.61609412548318,-0.378369886679254],[36.632512582483166,-0.38978346167926],[36.65131141048317,-0.44306715267925],[36.65210486748315,-0.459546644679224],[36.65894080448316,-0.507276136679254],[36.659307015483186,-0.516858656679235],[36.66492225048318,-0.528333265679239],[36.668523324483196,-0.541577894679224],[36.67029334348319,-0.54853590267925],[36.67133094148317,-0.568738539679262],[36.67273475048318,-0.575635511679254],[36.6804862144832,-0.583264906679235],[36.6804862144832,-0.587659437679238],[36.6904959804832,-0.604871351679267],[36.704106820483155,-0.624463636679254],[36.70990516048317,-0.615247328679234],[36.70990516048317,-0.601880629679217],[36.70892859748317,-0.590772230679252],[36.725896371483195,-0.570935804679268],[36.782536996483195,-0.567639906679235],[36.79309607848318,-0.571057875679233],[36.80713416448315,-0.571179945679264],[36.822331918483194,-0.584180433679253],[36.82611609748317,-0.586865980679252],[36.839543832483166,-0.59486158667926],[36.85193396848319,-0.59876783667926],[36.87732459348319,-0.607251722679225],[36.88031531648317,-0.608167250679233],[36.898320687483185,-0.609448988679221],[36.92450476948317,-0.605542738679221],[36.92749549248315,-0.603955824679249],[36.96674109748317,-0.587842543679246],[36.969304574483196,-0.586377699679249],[36.97229529648319,-0.58387525767927],[36.97693396848319,-0.581067640679239],[36.980718148483156,-0.580152113679221],[36.98431922248317,-0.578748304679268],[36.9871268394832,-0.576856214679256],[36.991521371483195,-0.577954847679225],[36.995122445483155,-0.579053480679252],[36.9959159024832,-0.58283766067922],[36.9971366054832,-0.58564527767925],[37.00073767948316,-0.586255629679217],[37.01294471148315,-0.586438734679237],[37.04431678148318,-0.595471937679238],[37.05072547248317,-0.597669203679234],[37.06732703548317,-0.61243971167926],[37.0777030114832,-0.617139418679246],[37.089543832483166,-0.624951918679246],[37.099309457483166,-0.628675062679238],[37.10950232848318,-0.641980726679267],[37.116887582483166,-0.644483168679246],[37.13550330448316,-0.641980726679267],[37.153508675483174,-0.641858656679235],[37.17450476948317,-0.632764418679246],[37.173711312483185,-0.62385328567922],[37.180120004483165,-0.609448988679221],[37.17969275748316,-0.606153089679256],[37.16528846148315,-0.594373304679268],[37.159307015483186,-0.591138441679223],[37.148320687483185,-0.540967543679246],[37.17712928148318,-0.475049574679249],[37.17749549248315,-0.470166761679254],[37.1795096524832,-0.441236097679225],[37.18433142948316,-0.44056471167926],[37.203740609483184,-0.428235609679237],[37.30853797248317,-0.15205152767925],[37.13672400748316,-0.03877027767925],[37.13293982848318,-0.03114088267927],[37.130742562483185,-0.028943617679263],[37.116338265483186,-0.031446058679253],[37.108525765483186,-0.03236158667926],[37.098088754483165,-0.022962172679231],[37.094731820483155,-0.01923902767925],[37.08612586348317,-0.01283033667926]]]},"properties":{"OBJECTID":19,"ID_":3111,"COUNTY_NAM":"NYERI","CONST_CODE":95,"CONSTITUEN":"KIENI","COUNTY_COD":19,"Shape_Leng":2.98028956743,"Shape_Area":0.27090667838}},
{"type":"Feature","geometry":{"type":"Polygon","coordinates":[[[37.423894418483194,-0.441968519679224],[37.42651892948316,-0.430982191679223],[37.30853797248317,-0.15205152767925],[37.203740609483184,-0.428235609679237],[37.18433142948316,-0.44056471167926],[37.1795096524832,-0.441236097679225],[37.17749549248315,-0.470166761679254],[37.17712928148318,-0.475049574679249],[37.148320687483185,-0.540967543679246],[37.159307015483186,-0.591138441679223],[37.16528846148315,-0.594373304679268],[37.17969275748316,-0.606153089679256],[37.180120004483165,-0.609448988679221],[37.173711312483185,-0.62385328567922],[37.17450476948317,-0.632764418679246],[37.17310096148315,-0.651563246679248],[37.194524300483174,-0.666577894679224],[37.206914437483185,-0.679456312679238],[37.214543832483166,-0.690076429679268],[37.21674109748317,-0.687635023679266],[37.229131234483184,-0.673352797679231],[37.23389197648316,-0.669141371679248],[37.24353553148318,-0.693982679679268],[37.2449393394832,-0.708264906679235],[37.254338754483165,-0.725965101679267],[37.268743050483174,-0.754651625679233],[37.26190711348317,-0.75275953567922],[37.25671912548318,-0.758863050679227],[37.262334359483184,-0.770276625679233],[37.264104379483165,-0.781629164679262],[37.2678885584832,-0.787366468679241],[37.2678885584832,-0.779065687679238],[37.321294320483155,-0.762464125679233],[37.34589148848317,-0.774060804679268],[37.36133338248316,-0.764539320679264],[37.3740897304832,-0.764539320679264],[37.3909354334832,-0.754834730679252],[37.40674353948315,-0.750135023679266],[37.459538949483196,-0.73518141067922],[37.4671073084832,-0.730542738679221],[37.4793143394832,-0.714978773679266],[37.47730017948316,-0.679151136679254],[37.47730017948316,-0.675977308679253],[37.4761405114832,-0.663159925679227],[37.47351600048318,-0.650769789679262],[37.48114539448317,-0.629346449679249],[37.486943734483184,-0.611463148679266],[37.47693396848319,-0.570752699679249],[37.47668982848318,-0.567639906679235],[37.44672156648317,-0.537671644679224],[37.4295096524832,-0.513440687679238],[37.42651892948316,-0.507276136679254],[37.4273123864832,-0.47254713267927],[37.42792273848317,-0.456067640679239],[37.423711312483185,-0.445874769679224],[37.423894418483194,-0.441968519679224]]]},"properties":{"OBJECTID":20,"ID_":3965,"COUNTY_NAM":"KIRINYAGA","CONST_CODE":101,"CONSTITUEN":"GICHUGU","COUNTY_COD":20,"Shape_Leng":1.79453434734,"Shape_Area":0.11984024832}},
{"type":"Feature","geometry":{"type":"Polygon","coordinates":[[[36.79309607848318,-0.571057875679233],[36.782536996483195,-0.567639906679235],[36.725896371483195,-0.570935804679268],[36.70892859748317,-0.590772230679252],[36.70990516048317,-0.601880629679217],[36.70990516048317,-0.615247328679234],[36.706914437483185,-0.642163832679219],[36.708318246483195,-0.657666761679254],[36.70874549248315,-0.677930433679253],[36.709538949483196,-0.702771742679263],[36.71033240648318,-0.707166273679266],[36.7139334804832,-0.714673597679225],[36.714543832483166,-0.728467543679246],[36.71692420348318,-0.734632093679241],[36.73309851948317,-0.776746351679267],[36.72992469148317,-0.780164320679264],[36.72089148848317,-0.781262953679234],[36.7236991054832,-0.790357191679223],[36.722722543483194,-0.801953871679248],[36.727727425483174,-0.811475355679252],[36.74414588248316,-0.82197340267925],[36.75189734748317,-0.833081800679227],[36.76453162548318,-0.83314283667926],[36.78552771848319,-0.841748793679246],[36.787724984483184,-0.843762953679234],[36.79492713248316,-0.84736402767925],[36.806340707483166,-0.857068617679263],[36.837102425483174,-0.875257093679241],[36.839543832483166,-0.877637464679256],[36.852544320483155,-0.883252699679249],[36.86914588248316,-0.891065199679249],[36.87854529648319,-0.893262464679256],[36.880925668483194,-0.89637525767927],[36.88989783648315,-0.903882582679219],[36.89233924248315,-0.908338148679266],[36.89929725048318,-0.912183363679221],[36.914311898483156,-0.927075941679223],[36.922307504483165,-0.933362562679238],[36.933293832483166,-0.941175062679238],[36.948918832483166,-0.952161390679239],[36.960088265483186,-0.965283949679249],[36.966496957483166,-0.974439222679225],[36.97333289448317,-0.976758558679253],[36.98450232848318,-0.983045179679268],[37.01294471148315,-1.005445082679219],[37.015325082483166,-1.007031996679248],[37.02094031648317,-1.01057203567922],[37.02393103948315,-1.012769300679227],[37.031133187483185,-1.024365980679252],[37.04114295348318,-1.032178480679252],[37.05151892948316,-1.034131605679252],[37.0613455894832,-1.02815016067922],[37.061101449483196,-1.016248304679268],[37.064885629483165,-1.016248304679268],[37.06873084348319,-1.022656996679248],[37.075322640483186,-1.027967054679268],[37.081914437483185,-1.030835707679219],[37.0986991054832,-1.036878187679238],[37.11609412548318,-1.041272718679241],[37.12732459348319,-1.051282484679237],[37.1397147304832,-1.050733168679247],[37.154912484483184,-1.053235609679237],[37.15692664448317,-1.050244886679254],[37.17029334348319,-1.045545179679268],[37.17590857848318,-1.042249281679235],[37.18433142948316,-1.038343031679235],[37.21948767948316,-1.027967054679268],[37.227117074483196,-1.024182875679233],[37.23193885148316,-1.018872816679223],[37.244695199483196,-1.025464613679221],[37.249333871483195,-1.023145277679251],[37.285710824483196,-1.042554457679219],[37.29272986748315,-1.049573500679233],[37.3023123864832,-1.05744703567922],[37.306523812483185,-1.061536390679239],[37.314702523483156,-1.065747816679223],[37.323918832483166,-1.077039320679264],[37.33252478948315,-1.080640394679224],[37.339726937483185,-1.081067640679239],[37.348088754483165,-1.091260511679254],[37.365300668483194,-1.093030531679235],[37.41870642948316,-1.038343031679235],[37.40674353948315,-1.01447828567922],[37.38013221148315,-0.999463636679254],[37.3389334804832,-0.987683851679267],[37.357305062483185,-0.953076918679246],[37.348088754483165,-0.958936293679246],[37.322331918483194,-0.930371839679256],[37.30054236748315,-0.908582289679262],[37.23669959348319,-0.858472425679227],[37.229131234483184,-0.84846266067922],[37.2612967614832,-0.818555433679253],[37.262334359483184,-0.807630140679239],[37.264104379483165,-0.781629164679262],[37.262334359483184,-0.770276625679233],[37.25671912548318,-0.758863050679227],[37.26190711348317,-0.75275953567922],[37.268743050483174,-0.754651625679233],[37.254338754483165,-0.725965101679267],[37.2449393394832,-0.708264906679235],[37.24353553148318,-0.693982679679268],[37.23389197648316,-0.669141371679248],[37.229131234483184,-0.673352797679231],[37.21674109748317,-0.687635023679266],[37.214543832483166,-0.690076429679268],[37.206914437483185,-0.679456312679238],[37.194524300483174,-0.666577894679224],[37.17310096148315,-0.651563246679248],[37.153508675483174,-0.641858656679235],[37.13550330448316,-0.641980726679267],[37.116887582483166,-0.644483168679246],[37.10950232848318,-0.641980726679267],[37.099309457483166,-0.628675062679238],[37.089543832483166,-0.624951918679246],[37.0777030114832,-0.617139418679246],[37.06732703548317,-0.61243971167926],[37.05072547248317,-0.597669203679234],[37.04431678148318,-0.595471937679238],[37.01294471148315,-0.586438734679237],[36.99854041448315,-0.586377699679249],[36.99609900748316,-0.583936293679246],[36.99451209348319,-0.579053480679252],[36.98950721148315,-0.577466566679223],[36.98572303148318,-0.577161390679239],[36.983525765483186,-0.579480726679267],[36.98010779648319,-0.580152113679221],[36.97632361748315,-0.581677992679263],[36.972539437483185,-0.583448011679254],[36.97009803148318,-0.585340101679267],[36.9671073084832,-0.588330824679249],[36.92749549248315,-0.603955824679249],[36.92450476948317,-0.605542738679221],[36.898320687483185,-0.609448988679221],[36.88031531648317,-0.608167250679233],[36.87732459348319,-0.607251722679225],[36.85193396848319,-0.59876783667926],[36.839543832483166,-0.59486158667926],[36.82611609748317,-0.586865980679252],[36.822331918483194,-0.584180433679253],[36.80713416448315,-0.571179945679264],[36.79309607848318,-0.571057875679233]]]},"properties":{"OBJECTID":21,"ID_":4145,"COUNTY_NAM":"MURANG'A","CONST_CODE":105,"CONSTITUEN":"MATHIOYA","COUNTY_COD":21,"Shape_Leng":2.43719771684,"Shape_Area":0.20511432082}},
{"type":"Feature","geometry":{"type":"Polygon","coordinates":[[[36.6904959804832,-0.768140394679224],[36.68250037548318,-0.762464125679233],[36.6629080894832,-0.767774183679253],[36.64648963248316,-0.773084242679263],[36.654546273483156,-0.773633558679253],[36.63049842148319,-0.820569593679241],[36.622930062483185,-0.831372816679223],[36.5967459804832,-0.82893141067922],[36.591496957483166,-0.844373304679268],[36.592900765483186,-0.850232679679268],[36.59534217148319,-0.877942640679239],[36.584538949483196,-0.89173658667926],[36.566106332483166,-0.903760511679254],[36.5711112144832,-0.910230238679221],[36.556706918483194,-0.919934828679234],[36.554936898483156,-0.926648695679264],[36.57434607848318,-0.944531996679248],[36.58594275748316,-0.959363539679262],[36.58752967148319,-0.97645338267927],[36.5908866054832,-0.983777601679267],[36.59833289448317,-0.993482191679223],[36.59729529648319,-0.997632582679219],[36.59570838248316,-1.007947523679266],[36.594304574483196,-1.015332777679251],[36.58911658648315,-1.038770277679251],[36.5886893394832,-1.043958265679239],[36.59131385148316,-1.052747328679234],[36.59192420348318,-1.061231214679256],[36.587102425483174,-1.072644789679262],[36.572331918483194,-1.099744398679266],[36.55853797248317,-1.111646254679274],[36.5457205894832,-1.126355726679267],[36.538945687483185,-1.150464613679221],[36.52710486748315,-1.194043714679256],[36.5225272304832,-1.209180433679253],[36.503118050483174,-1.255872328679234],[36.5003104334832,-1.272229750679233],[36.564336312483185,-1.284741957679219],[36.58594275748316,-1.28895338267927],[36.64911414448317,-1.300855238679221],[36.663945687483185,-1.31043775767927],[36.670903695483155,-1.306043226679267],[36.67432166448315,-1.307263929679268],[36.681706918483194,-1.298047621679248],[36.689702523483156,-1.279248793679247],[36.69189978948315,-1.275464613679221],[36.69409705448316,-1.263928968679241],[36.70154334348319,-1.261670668679247],[36.707097543483194,-1.259351332679219],[36.7217459804832,-1.258130629679274],[36.72553016048317,-1.251538832679219],[36.72852088248316,-1.241651136679254],[36.738530648483156,-1.236280043679247],[36.7459159024832,-1.23713453567922],[36.770513070483155,-1.226270277679251],[36.78174353948315,-1.221753675679227],[36.787724984483184,-1.198560316679223],[36.79932166448315,-1.195264418679247],[36.850713265483186,-1.208570082679219],[36.852727425483174,-1.202649672679231],[36.863896859483184,-1.190442640679239],[36.866338265483186,-1.192151625679233],[36.87854529648319,-1.196363050679227],[36.889104379483165,-1.174329359679237],[36.908086312483185,-1.161573011679254],[36.91229773848317,-1.161450941679223],[36.9307303554832,-1.168836195679264],[36.9382987144832,-1.171948988679221],[36.940740121483195,-1.177930433679253],[36.91791297248317,-1.20228346167926],[36.915898812483185,-1.204663832679219],[36.91650916448315,-1.212476332679219],[36.922124398483156,-1.217176039679262],[36.925115121483195,-1.218152601679267],[36.93909217148319,-1.222180922679231],[36.947515023483156,-1.225965101679267],[36.964543832483166,-1.228833754679274],[36.991887582483166,-1.225354750679233],[36.99768592148319,-1.233350355679252],[37.001103890483186,-1.234754164679262],[37.013738168483194,-1.23158033667926],[37.02393103948315,-1.223828871679248],[37.054936898483156,-1.206861097679225],[37.07031775748316,-1.217664320679264],[37.08752967148319,-1.248975355679252],[37.113896859483184,-1.247876722679225],[37.116887582483166,-1.248548109679237],[37.11951209348319,-1.239453871679248],[37.1265311364832,-1.233167250679233],[37.158086312483185,-1.20197828567922],[37.1572928554832,-1.194837172679231],[37.182927621483195,-1.165967543679247],[37.17810584348319,-1.123365004679274],[37.176335824483196,-1.115979750679233],[37.18311072648316,-1.108960707679219],[37.18890906648317,-1.105664808679253],[37.1929373864832,-1.095044691679223],[37.195928109483184,-1.093152601679267],[37.2061209804832,-1.085462172679231],[37.2127127774832,-1.080152113679221],[37.22852088248316,-1.076428968679241],[37.24109412548318,-1.078565199679249],[37.255742562483185,-1.07533033667926],[37.2713065274832,-1.068982679679268],[37.2913260584832,-1.072339613679221],[37.29932166448315,-1.074353773679266],[37.30591346148315,-1.081677992679263],[37.32312537548318,-1.097241957679219],[37.32953406648317,-1.103955824679249],[37.339726937483185,-1.113538343679241],[37.34131385148316,-1.116162855679252],[37.3465018394832,-1.115430433679253],[37.35931922248317,-1.100537855679252],[37.348088754483165,-1.091260511679254],[37.339726937483185,-1.081067640679239],[37.33252478948315,-1.080640394679224],[37.323918832483166,-1.077039320679264],[37.314702523483156,-1.065747816679223],[37.306523812483185,-1.061536390679239],[37.3023123864832,-1.05744703567922],[37.29272986748315,-1.049573500679233],[37.285710824483196,-1.042554457679219],[37.249333871483195,-1.023145277679251],[37.244695199483196,-1.025464613679221],[37.23193885148316,-1.018872816679223],[37.227117074483196,-1.024182875679233],[37.21948767948316,-1.027967054679268],[37.18433142948316,-1.038343031679235],[37.17590857848318,-1.042249281679235],[37.17029334348319,-1.045545179679268],[37.15692664448317,-1.050244886679254],[37.154912484483184,-1.053235609679237],[37.1397147304832,-1.050733168679247],[37.12732459348319,-1.051282484679237],[37.11609412548318,-1.041272718679241],[37.0986991054832,-1.036878187679238],[37.081914437483185,-1.030835707679219],[37.075322640483186,-1.027967054679268],[37.06873084348319,-1.022656996679248],[37.064885629483165,-1.016248304679268],[37.061101449483196,-1.016248304679268],[37.0613455894832,-1.02815016067922],[37.05151892948316,-1.034131605679252],[37.04114295348318,-1.032178480679252],[37.031133187483185,-1.024365980679252],[37.02393103948315,-1.012769300679227],[37.02094031648317,-1.01057203567922],[37.015325082483166,-1.007031996679248],[37.01294471148315,-1.005445082679219],[36.98450232848318,-0.983045179679268],[36.97333289448317,-0.976758558679253],[36.966496957483166,-0.974439222679225],[36.960088265483186,-0.965283949679249],[36.948918832483166,-0.952161390679239],[36.933293832483166,-0.941175062679238],[36.922307504483165,-0.933362562679238],[36.914311898483156,-0.927075941679223],[36.89929725048318,-0.912183363679221],[36.89233924248315,-0.908338148679266],[36.88989783648315,-0.903882582679219],[36.880925668483194,-0.89637525767927],[36.87854529648319,-0.893262464679256],[36.86914588248316,-0.891065199679249],[36.852544320483155,-0.883252699679249],[36.839543832483166,-0.877637464679256],[36.837102425483174,-0.875257093679241],[36.806340707483166,-0.857068617679263],[36.79492713248316,-0.84736402767925],[36.787724984483184,-0.843762953679234],[36.78552771848319,-0.841748793679246],[36.76453162548318,-0.83314283667926],[36.75189734748317,-0.833081800679227],[36.74414588248316,-0.82197340267925],[36.727727425483174,-0.811475355679252],[36.71948767948316,-0.802259047679231],[36.70990516048317,-0.788037855679252],[36.7027030114832,-0.782178480679252],[36.6904959804832,-0.768140394679224]]]},"properties":{"OBJECTID":22,"ID_":4921,"COUNTY_NAM":"KIAMBU","CONST_CODE":112,"CONSTITUEN":"GATUNDU NORTH","COUNTY_COD":22,"Shape_Leng":3.00892182622,"Shape_Area":0.20655368085}},
{"type":"Feature","geometry":{"type":"Polygon","coordinates":[[[36.05090857848318,4.449022691320747],[35.94348670348318,4.544847886320778],[35.950505746483195,4.626024644320748],[35.922490609483184,4.639635484320761],[35.910710824483196,4.807421128320752],[35.896916879483165,4.885851304320735],[35.87714148848317,4.914843003320752],[35.83630896848319,4.934435288320739],[35.84570838248316,5.089830796320766],[35.85614539448317,5.162462632320737],[35.83630896848319,5.241259019320748],[35.85388709348319,5.294420640320763],[35.83490516048317,5.341417710320738],[35.78534461348317,5.347216050320751],[35.68408728948315,5.386034410320744],[35.63232947648316,5.372667710320738],[35.605718148483156,5.411669175320751],[35.26654578548317,5.411058824320773],[35.12592078548317,5.240648667320781],[34.884099496483195,5.040026109320761],[34.5955252774832,4.791674058320777],[34.47351600048318,4.689623277320774],[33.992742074483196,4.221239488320745],[34.048528207483166,4.176439683320777],[34.0667166834832,4.140428941320747],[34.05054236748315,4.11924974232073],[34.09271766048317,4.067064683320777],[34.05908728948315,4.026232163320739],[34.13550330448316,3.958666245320782],[34.11932898848317,3.899828355320775],[34.0886893394832,3.860216538320739],[34.216496957483166,3.879076402320774],[34.2261405114832,3.828417222320748],[34.18091346148315,3.829271714320779],[34.19189978948315,3.78026048432076],[34.246709359483184,3.782823960320737],[34.30872107848318,3.710619370320782],[34.35510779648319,3.734056870320782],[34.4050955894832,3.690843980320775],[34.464543832483166,3.667467515320762],[34.454289925483174,3.609850327320768],[34.45111609748317,3.516466538320739],[34.42450476948317,3.489672105320775],[34.4007010584832,3.375841538320739],[34.42773963248316,3.342821519320747],[34.44873572648316,3.280443589320779],[34.46112586348317,3.173448960320737],[34.546941293483194,3.134447495320782],[34.574101937483185,3.098253648320732],[34.577336800483174,3.018663804320735],[34.60010291448315,2.920458238320745],[34.6409354334832,2.902269761320778],[34.65430213248316,2.862230699320772],[34.7127127774832,2.860216538320739],[34.76709510148316,2.817675035320743],[34.7847342614832,2.745226304320735],[34.7757010584832,2.693834702320768],[34.8533377774832,2.579027574320772],[34.89911414448317,2.580431382320736],[34.91351844148317,2.512621324320772],[34.93451453548317,2.50627366732078],[34.9527030114832,2.452623765320762],[34.97089148848317,2.44182054232078],[35.02631141048317,2.430834214320779],[35.01630164448317,2.495226304320735],[35.027898324483196,2.514818589320779],[35.03552771848319,2.526842515320762],[35.0623221524832,2.609056870320782],[35.064702523483156,2.616259019320747],[35.108708871483195,2.645433824320772],[35.11328650748316,2.650255601320733],[35.12512732848318,2.64604417532075],[35.14331580448316,2.636034410320743],[35.178288949483196,2.596849839320779],[35.214543832483166,2.534227769320747],[35.21533728948315,2.518236558320776],[35.2158866054832,2.49705735932076],[35.21912146848319,2.484850327320768],[35.221318734483184,2.473253648320732],[35.2215018394832,2.465868394320747],[35.246709359483184,2.442064683320776],[35.24994422248317,2.43846360932076],[35.26929236748315,2.435839097320748],[35.298528207483166,2.417040269320747],[35.305303109483184,2.378221910320743],[35.30750037548318,2.348253648320732],[35.31250525748316,2.277819077320768],[35.329106820483155,2.217028062320761],[35.38452674248315,2.003649156320758],[35.390325082483166,1.959459702320769],[35.37891150748316,1.945238511320779],[35.37549353948315,1.93864671432078],[35.37354041448315,1.931017320320732],[35.4736991054832,1.834642808320777],[35.47412635148316,1.830675523320733],[35.47650672248317,1.821276109320761],[35.47632361748315,1.798265855320776],[35.483708871483195,1.790819566320747],[35.48633338248316,1.787462632320737],[35.491521371483195,1.780016343320765],[35.495305550483174,1.77623216332074],[35.4971366054832,1.772020738320746],[35.4959159024832,1.76787034732075],[35.499333871483195,1.766649644320748],[35.50269080448316,1.76481858932078],[35.51331092148319,1.767015855320776],[35.51770545348318,1.767015855320776],[35.52728797248317,1.762621324320773],[35.55054236748315,1.764025132320737],[35.5613455894832,1.760424058320777],[35.5789237144832,1.759020249320767],[35.59052039448317,1.76005784732075],[35.621526254483165,1.748033921320766],[35.64789344148317,1.739855210320738],[35.6507010584832,1.738634507320737],[35.740300668483194,1.676866929320736],[35.75848914448317,1.67161790632076],[35.764287484483184,1.667223374320767],[35.78412391048317,1.658861558320777],[35.7957205894832,1.638658921320766],[35.85809851948317,1.54185716332074],[35.936101449483196,1.41966478132076],[35.97730017948316,1.355455796320766],[36.0203299644832,1.287828843320765],[36.03711463248316,1.26146165632076],[36.056340707483166,1.231676499320767],[36.097905648483156,1.16685716332074],[36.13330603948315,1.167833726320734],[36.173894418483194,1.168871324320773],[36.2647147304832,1.055651109320761],[36.277898324483196,1.039049546320766],[36.31091834348319,0.998033921320766],[36.325322640483186,0.990038316320747],[36.33569861748315,0.991259019320748],[36.3467459804832,0.985033433320777],[36.34833289448317,0.975817124320767],[36.36011267948316,0.962633531320759],[36.363896859483184,0.961473863320746],[36.37268592148319,0.953844468320765],[36.37854529648319,0.95341722232075],[36.388738168483194,0.947069566320747],[36.38953162548318,0.942675035320744],[36.39893103948315,0.91325608932078],[36.408086312483185,0.922045152320775],[36.4197440274832,0.932848374320767],[36.425115121483195,0.93864671432078],[36.431706918483194,0.949266831320754],[36.44653846148315,0.981249253320752],[36.45209266048317,1.020067613320746],[36.44373084348319,1.106432359320761],[36.4451346524832,1.11442796432078],[36.44092322648316,1.12706224232073],[36.43713904648319,1.13365403832074],[36.43713904648319,1.143846910320744],[36.437932504483165,1.155016343320765],[36.40112830448316,1.172472398320733],[36.39392615648318,1.17161790632076],[36.391911996483195,1.174242417320781],[36.39429236748315,1.188829820320732],[36.39789344148317,1.207018296320766],[36.41473914448317,1.227465074320773],[36.415715707483166,1.243822495320783],[36.409307015483186,1.255663316320747],[36.406133187483185,1.250048081320754],[36.39771033648315,1.252855699320773],[36.3909354334832,1.260240952320769],[36.396916879483165,1.271044175320751],[36.41992713248316,1.269457261320779],[36.43231726948317,1.263475816320747],[36.4451346524832,1.252428452320769],[36.4527030114832,1.25206224232073],[36.454289925483174,1.255846421320766],[36.44934607848318,1.271654527320775],[36.43768836348317,1.289843003320752],[36.430303109483184,1.298632066320747],[36.42468787548318,1.295275132320737],[36.40674353948315,1.297472398320733],[36.39453650748316,1.310228745320783],[36.414311898483156,1.32841722232075],[36.430303109483184,1.348253648320733],[36.436101449483196,1.35185472232075],[36.46674109748317,1.382860581320754],[36.460088265483186,1.399462144320748],[36.45471717148319,1.398058335320738],[36.4527030114832,1.401842515320763],[36.442510140483186,1.408251206320754],[36.43573523848317,1.408251206320754],[36.42712928148318,1.41325608932078],[36.40271521848319,1.430651109320761],[36.38794471148315,1.443224351320734],[36.383916390483186,1.441454331320754],[36.376286996483195,1.439867417320781],[36.36890174248315,1.436449449320773],[36.339726937483185,1.448229234320761],[36.326726449483196,1.465868394320748],[36.32349158648315,1.468676011320779],[36.29511023848317,1.463060777320775],[36.299932015483186,1.48662034732075],[36.2979178554832,1.498461167320781],[36.29932166448315,1.50224534732075],[36.300115121483195,1.509447495320783],[36.31268836348317,1.547472398320733],[36.32031775748316,1.553453843320765],[36.33533240648318,1.566820542320781],[36.34570838248316,1.569872300320751],[36.35889197648316,1.571031968320765],[36.35889197648316,1.581652085320738],[36.367742074483196,1.591844956320754],[36.37390662548318,1.591661851320734],[36.37573767948316,1.543627183320777],[36.398320687483185,1.525438706320754],[36.4031424644832,1.53544847232075],[36.40869666448315,1.549242417320781],[36.414311898483156,1.560228745320783],[36.42749549248315,1.572252671320766],[36.43353797248317,1.589220445320732],[36.43713904648319,1.598863999320767],[36.45874549248315,1.612230699320773],[36.464910043483194,1.61607591332074],[36.4683280114832,1.631273667320781],[36.471318734483184,1.65544358932078],[36.482121957483166,1.677416245320783],[36.488896859483184,1.70286790632076],[36.502934945483155,1.707262437320762],[36.51709510148316,1.740221421320766],[36.52234412548318,1.742235581320754],[36.52411414448317,1.757616441320747],[36.51312781648317,1.767443101320734],[36.514104379483165,1.772875230320776],[36.51953650748316,1.780626695320732],[36.5257010584832,1.787035386320779],[36.52869178148318,1.796251695320732],[36.53272010148316,1.802050035320744],[36.5303397304832,1.806444566320747],[36.51611853948315,1.82145921432078],[36.5225272304832,1.834459702320769],[36.516911996483195,1.851061265320763],[36.51630164448317,1.854235093320765],[36.515691293483194,1.872057359320761],[36.521733773483156,1.882616441320747],[36.5269217614832,1.888842027320775],[36.542119515483186,1.917833726320734],[36.540898812483185,1.931261460320738],[36.540715707483166,1.93864671432078],[36.54150916448315,1.941820542320781],[36.53272010148316,1.95482103132076],[36.53333045348318,1.957628648320733],[36.53650428148318,1.966234605320776],[36.54492713248316,1.985643785320744],[36.54633094148317,1.996874253320752],[36.54834510148316,2.023424546320765],[36.55249549248315,2.032274644320747],[36.56970740648318,2.055223863320745],[36.56592322648316,2.102831285320743],[36.58270789448317,2.123033921320765],[36.58392859748317,2.130052964320779],[36.60950232848318,2.158434312320761],[36.613713754483165,2.155626695320731],[36.698918832483166,2.195665757320736],[36.703740609483184,2.200670640320762],[36.72528601948317,2.299669663320739],[36.60193396848319,2.358446519320747],[36.602727425483174,2.403063218320764],[36.58789588248316,2.405443589320779],[36.57953406648317,2.404039781320758],[36.56848670348318,2.401232163320739],[36.561101449483196,2.394457261320778],[36.557744515483186,2.394823472320748],[36.55151892948316,2.397875230320775],[36.5491385584832,2.400255601320733],[36.5379080894832,2.412828843320764],[36.534490121483195,2.422228257320736],[36.532536996483195,2.430040757320736],[36.526494515483186,2.440233628320751],[36.52551795348318,2.456224839320779],[36.5291190274832,2.467272202320768],[36.528508675483174,2.489672105320775],[36.531499398483156,2.500475327320768],[36.53070594148317,2.50346605032075],[36.531133187483185,2.518846910320743],[36.52490760148316,2.528246324320772],[36.520696175483174,2.541674058320776],[36.518132699483196,2.54924241732078],[36.514104379483165,2.559435288320739],[36.496343148483156,2.571642320320731],[36.4636893394832,2.607653062320761],[36.4605155114832,2.608629624320766],[36.454106820483155,2.610460679320735],[36.44873572648316,2.618029038320739],[36.44330359748317,2.624071519320747],[36.43872596148315,2.632616441320746],[36.43530799248315,2.651049058320776],[36.436711800483174,2.665819566320746],[36.43573523848317,2.681017320320731],[36.441106332483166,2.692430894320747],[36.439885629483165,2.709276597320748],[36.433293832483166,2.712267320320731],[36.4207205894832,2.749620835320737],[36.42029334348319,2.757067124320766],[36.41772986748315,2.762865464320779],[36.41333533648315,2.768663804320735],[36.41089392948316,2.774034898320732],[36.40674353948315,2.779833238320745],[36.39594031648317,2.800646226320733],[36.37494422248317,2.843859117320729],[36.36890174248315,2.848863999320766],[36.36414100048318,2.856676499320766],[36.325322640483186,2.871263902320774],[36.322515023483156,2.872667710320737],[36.31689978948315,2.876634995320782],[36.293523324483196,2.886034410320743],[36.27271033648315,2.903246324320772],[36.264287484483184,2.926866929320735],[36.2615409024832,2.936449449320772],[36.2612967614832,2.946031968320764],[36.256108773483156,2.956468980320775],[36.2471366054832,2.948656480320775],[36.24353553148318,2.950426499320766],[36.236943734483184,2.955065171320765],[36.21692420348318,2.957872788320739],[36.18372107848318,2.965624253320751],[36.17773963248316,2.96525804232078],[36.170903695483155,2.966661851320733],[36.16492225048318,2.96525804232078],[36.15833045348318,2.966844956320752],[36.14648963248316,2.967455308320776],[36.12592078548317,2.989672105320775],[36.12891150748316,3.002245347320748],[36.13709021848319,3.024034898320732],[36.1409354334832,3.032823960320737],[36.1428885584832,3.050829331320752],[36.14130164448317,3.058275620320782],[36.148686898483156,3.072618882320736],[36.15271521848319,3.089220445320731],[36.15253211348317,3.10783616732078],[36.15112830448316,3.126024644320747],[36.14648963248316,3.139818589320779],[36.143743050483174,3.143663804320735],[36.139104379483165,3.151842515320762],[36.14349891048317,3.165270249320766],[36.148686898483156,3.179430406320758],[36.15131141048317,3.189440171320765],[36.15131141048317,3.21525804232078],[36.145696175483174,3.220629136320778],[36.14252234748317,3.208422105320775],[36.13153601948317,3.208055894320747],[36.11572791448315,3.216234605320775],[36.1030936364832,3.218248765320762],[36.09509803148318,3.220018785320743],[36.088140023483156,3.221849839320779],[36.07190467148319,3.224474351320733],[36.062932504483165,3.230638902320774],[36.05212928148318,3.29783860932076],[36.051335824483196,3.647264878320751],[36.05029822648316,3.98283616732078],[36.05090857848318,4.449022691320747]]]},"properties":{"OBJECTID":23,"ID_":1,"COUNTY_NAM":"TURKANA","CONST_CODE":123,"CONSTITUEN":"TURKANA NORTH","COUNTY_COD":23,"Shape_Leng":14.1898741549,"Shape_Area":5.70813539469}},
{"type":"Feature","geometry":{"type":"Polygon","coordinates":[[[35.26929236748315,2.435839097320748],[35.24994422248317,2.43846360932076],[35.246709359483184,2.442064683320776],[35.2215018394832,2.465868394320747],[35.221318734483184,2.473253648320732],[35.21912146848319,2.484850327320768],[35.2158866054832,2.49705735932076],[35.21533728948315,2.518236558320776],[35.214543832483166,2.534227769320747],[35.178288949483196,2.596849839320779],[35.14331580448316,2.636034410320743],[35.12512732848318,2.64604417532075],[35.11328650748316,2.650255601320733],[35.108708871483195,2.645433824320772],[35.064702523483156,2.616259019320747],[35.0623221524832,2.609056870320782],[35.03552771848319,2.526842515320762],[35.027898324483196,2.514818589320779],[35.01630164448317,2.495226304320735],[35.02631141048317,2.430834214320779],[34.97089148848317,2.44182054232078],[34.9527030114832,2.452623765320762],[34.91650916448315,2.421068589320779],[34.91748572648316,2.384630601320733],[34.9470877774832,2.203234117320729],[34.98114539448317,2.050829331320752],[34.98413611748315,1.979051988320746],[35.02930213248316,1.920275132320737],[35.00092078548317,1.837023179320736],[34.99951697648316,1.746630113320746],[34.98914100048318,1.660021226320734],[34.94373084348319,1.575853745320783],[34.863896859483184,1.52623216332074],[34.85352088248316,1.460436265320763],[34.7791190274832,1.395616929320736],[34.785710824483196,1.36607591332074],[34.8289237144832,1.308824937320762],[34.819524300483174,1.258470933320777],[34.83350135148316,1.263048570320732],[34.90692664448317,1.269030015320763],[34.93408728948315,1.25084153832074],[34.950322640483186,1.249620835320738],[34.9705252774832,1.246263902320775],[34.994695199483196,1.256822984320761],[35.04431678148318,1.21403733932078],[35.039495004483165,1.199449937320762],[35.042119515483186,1.196825425320751],[35.046941293483194,1.193041245320783],[35.0701346524832,1.17784349232073],[35.07971717148319,1.172838609320761],[35.0867362144832,1.172655503320752],[35.09174109748317,1.181871812320762],[35.11609412548318,1.186022202320769],[35.15228797248317,1.198229234320761],[35.22528601948317,1.163072984320761],[35.2490897304832,1.151842515320763],[35.2879080894832,1.134020249320767],[35.29431678148318,1.137072007320737],[35.296086800483174,1.14427415632076],[35.31189490648318,1.169847886320779],[35.31848670348318,1.167467515320763],[35.36450721148315,1.137621324320773],[35.371526254483165,1.14341966332074],[35.38690711348317,1.156237046320766],[35.41888953548317,1.182238023320733],[35.428288949483196,1.190050523320733],[35.445928109483184,1.204454820320732],[35.459538949483196,1.215624253320752],[35.47668982848318,1.230028550320751],[35.50092078548317,1.250658433320777],[35.553288949483196,1.284227769320748],[35.56909705448316,1.290026109320761],[35.58374549248315,1.286669175320751],[35.604131234483184,1.27763597232075],[35.62109900748316,1.290270249320767],[35.69189978948315,1.316820542320781],[35.69791255448319,1.31626571732073],[35.70068885148316,1.32506028832074],[35.6961112144832,1.333422105320776],[35.69373084348319,1.33763353132076],[35.68872596148315,1.346056382320737],[35.690740121483195,1.350267808320777],[35.691106332483166,1.359056870320783],[35.700505746483195,1.389452378320752],[35.70453406648317,1.399462144320748],[35.70850135148316,1.413072984320761],[35.70850135148316,1.433641831320754],[35.71692420348318,1.447435777320775],[35.72473670348318,1.473070542320781],[35.73608924248315,1.489855210320738],[35.7424979334832,1.49724046432078],[35.753118050483174,1.504076402320775],[35.77631141048317,1.560045640320763],[35.78070594148317,1.570665757320737],[35.7803397304832,1.575243394320748],[35.78210975048318,1.583422105320776],[35.781133187483185,1.618456285320744],[35.788945687483185,1.622850816320747],[35.78192664448317,1.653856675320751],[35.78412391048317,1.658861558320777],[35.764287484483184,1.667223374320767],[35.75848914448317,1.67161790632076],[35.740300668483194,1.676866929320736],[35.6507010584832,1.738634507320737],[35.64789344148317,1.739855210320738],[35.621526254483165,1.748033921320766],[35.59052039448317,1.76005784732075],[35.5789237144832,1.759020249320767],[35.5613455894832,1.760424058320777],[35.5047049644832,1.763842027320775],[35.50092078548317,1.765245835320738],[35.49731971148315,1.767443101320734],[35.496526254483165,1.771044175320751],[35.4968924644832,1.774645249320767],[35.49414588248316,1.776842515320763],[35.491338265483186,1.780016343320765],[35.48651648848317,1.785631577320769],[35.48511267948316,1.789232652320775],[35.48334266048317,1.792040269320748],[35.4827323084832,1.795458238320746],[35.47632361748315,1.798265855320776],[35.47650672248317,1.821276109320761],[35.47412635148316,1.830675523320733],[35.4736991054832,1.834642808320777],[35.37354041448315,1.931017320320732],[35.37549353948315,1.93864671432078],[35.37891150748316,1.945238511320779],[35.390325082483166,1.959459702320769],[35.384099496483195,2.00346605032075],[35.329106820483155,2.217028062320761],[35.31250525748316,2.277819077320768],[35.30750037548318,2.348253648320732],[35.305303109483184,2.378221910320743],[35.298528207483166,2.417040269320747],[35.26929236748315,2.435839097320748]]]},"properties":{"OBJECTID":24,"ID_":519,"COUNTY_NAM":"WEST POKOT","CONST_CODE":129,"CONSTITUEN":"KAPENGURIA","COUNTY_COD":24,"Shape_Leng":4.67142789986,"Shape_Area":0.7545900016}},
{"type":"Feature","geometry":{"type":"Polygon","coordinates":[[[36.76611853948315,2.491259019320747],[36.75354529648319,2.51323167532075],[36.716130746483195,2.505846421320765],[36.6760916834832,2.44627610932076],[36.66888953548317,2.436449449320772],[36.66492225048318,2.43065110932076],[36.6597342614832,2.420458238320745],[36.602727425483174,2.403063218320764],[36.60193396848319,2.358446519320747],[36.72528601948317,2.299669663320739],[36.703740609483184,2.200670640320762],[36.698918832483166,2.195665757320736],[36.613713754483165,2.155626695320731],[36.60950232848318,2.158434312320761],[36.58392859748317,2.130052964320779],[36.58270789448317,2.123033921320765],[36.56592322648316,2.102831285320743],[36.56970740648318,2.055223863320745],[36.55249549248315,2.032274644320747],[36.54834510148316,2.023424546320765],[36.54633094148317,1.996874253320752],[36.54492713248316,1.985643785320744],[36.53650428148318,1.966234605320776],[36.53333045348318,1.957628648320733],[36.53272010148316,1.95482103132076],[36.54150916448315,1.941820542320781],[36.540715707483166,1.93864671432078],[36.540898812483185,1.931261460320738],[36.542119515483186,1.917833726320734],[36.5269217614832,1.888842027320775],[36.521733773483156,1.882616441320747],[36.515691293483194,1.872057359320761],[36.51630164448317,1.854235093320765],[36.516911996483195,1.851061265320763],[36.5225272304832,1.834459702320769],[36.51611853948315,1.82145921432078],[36.5303397304832,1.806444566320747],[36.53272010148316,1.802050035320744],[36.52869178148318,1.796251695320732],[36.5257010584832,1.787035386320779],[36.51953650748316,1.780626695320732],[36.514104379483165,1.772875230320776],[36.51312781648317,1.767443101320734],[36.52411414448317,1.757616441320747],[36.52234412548318,1.742235581320754],[36.51709510148316,1.740221421320766],[36.502934945483155,1.707262437320762],[36.488896859483184,1.70286790632076],[36.482121957483166,1.677416245320783],[36.471318734483184,1.65544358932078],[36.4683280114832,1.631273667320781],[36.464910043483194,1.61607591332074],[36.45874549248315,1.612230699320773],[36.43713904648319,1.598863999320767],[36.43353797248317,1.589220445320732],[36.42749549248315,1.572252671320766],[36.414311898483156,1.560228745320783],[36.40869666448315,1.549242417320781],[36.4031424644832,1.53544847232075],[36.398320687483185,1.525438706320754],[36.37573767948316,1.543627183320777],[36.37390662548318,1.591661851320734],[36.367742074483196,1.591844956320754],[36.35889197648316,1.581652085320738],[36.35889197648316,1.571031968320765],[36.34570838248316,1.569872300320751],[36.33533240648318,1.566820542320781],[36.32031775748316,1.553453843320765],[36.31268836348317,1.547472398320733],[36.300115121483195,1.509447495320783],[36.29932166448315,1.50224534732075],[36.2979178554832,1.498461167320781],[36.299932015483186,1.48662034732075],[36.29511023848317,1.463060777320775],[36.32349158648315,1.468676011320779],[36.326726449483196,1.465868394320748],[36.339726937483185,1.448229234320761],[36.36890174248315,1.436449449320773],[36.376286996483195,1.439867417320781],[36.383916390483186,1.441454331320754],[36.38794471148315,1.443224351320734],[36.40271521848319,1.430651109320761],[36.42712928148318,1.41325608932078],[36.43573523848317,1.408251206320754],[36.442510140483186,1.408251206320754],[36.4527030114832,1.401842515320763],[36.45471717148319,1.398058335320738],[36.460088265483186,1.399462144320748],[36.46674109748317,1.382860581320754],[36.436101449483196,1.35185472232075],[36.430303109483184,1.348253648320733],[36.414311898483156,1.32841722232075],[36.39453650748316,1.310228745320783],[36.40674353948315,1.297472398320733],[36.42468787548318,1.295275132320737],[36.430303109483184,1.298632066320747],[36.43768836348317,1.289843003320752],[36.44934607848318,1.271654527320775],[36.454289925483174,1.255846421320766],[36.4527030114832,1.25206224232073],[36.4451346524832,1.252428452320769],[36.43231726948317,1.263475816320747],[36.41992713248316,1.269457261320779],[36.396916879483165,1.271044175320751],[36.3909354334832,1.260240952320769],[36.39771033648315,1.252855699320773],[36.406133187483185,1.250048081320754],[36.409307015483186,1.255663316320747],[36.415715707483166,1.243822495320783],[36.41473914448317,1.227465074320773],[36.39789344148317,1.207018296320766],[36.39429236748315,1.188829820320732],[36.391911996483195,1.174242417320781],[36.39392615648318,1.17161790632076],[36.40112830448316,1.172472398320733],[36.437932504483165,1.155016343320765],[36.43713904648319,1.143846910320744],[36.43713904648319,1.13365403832074],[36.44092322648316,1.12706224232073],[36.4451346524832,1.11442796432078],[36.44373084348319,1.106432359320761],[36.45209266048317,1.020067613320746],[36.44653846148315,0.981249253320752],[36.431706918483194,0.949266831320754],[36.425115121483195,0.93864671432078],[36.4197440274832,0.932848374320767],[36.408086312483185,0.922045152320775],[36.39893103948315,0.91325608932078],[36.40173865648318,0.900621812320762],[36.4072928554832,0.899218003320752],[36.414311898483156,0.898851792320781],[36.42651892948316,0.888475816320747],[36.43573523848317,0.878466050320751],[36.46094275748316,0.86802903832074],[36.4658866054832,0.863268296320766],[36.46893836348317,0.862657945320732],[36.4736991054832,0.857836167320781],[36.490300668483194,0.846056382320737],[36.48792029648319,0.83482591332074],[36.4859061364832,0.825426499320767],[36.51190711348317,0.812853257320737],[36.52673865648318,0.812853257320737],[36.67651892948316,0.816271226320734],[36.69012976948317,0.820055406320759],[36.70313025748316,0.820848863320746],[36.732305062483185,0.825426499320767],[36.757146371483195,0.857225816320747],[36.8010916834832,0.864855210320738],[36.811101449483196,0.858629624320767],[36.848943246483195,0.776842515320763],[36.854497445483155,0.763842027320775],[36.862309945483155,0.746874253320752],[36.863530648483156,0.739672105320776],[36.88953162548318,0.736071031320759],[36.90869666448315,0.732836167320781],[36.91211463248316,0.727220933320777],[36.93172971448319,0.741640383320769],[36.947698129483165,0.742845933320777],[37.009099496483195,0.750475327320769],[37.02429725048318,0.756639878320752],[37.07611609748317,0.777819077320769],[37.10974646848319,0.779039781320759],[37.126286996483195,0.769030015320763],[37.15173865648318,0.753221910320744],[37.16351844148317,0.745043199320773],[37.173894418483194,0.743456285320744],[37.17969275748316,0.741259019320748],[37.18890906648317,0.742845933320777],[37.213140023483156,0.738268296320766],[37.227727425483174,0.744066636320779],[37.254338754483165,0.762255113320746],[37.268132699483196,0.751024644320748],[37.3035330894832,0.70927659732075],[37.305303109483184,0.703051011320779],[37.34052039448317,0.646471421320766],[37.347539437483185,0.63365403832074],[37.352727425483174,0.613268296320766],[37.35474158648315,0.601061265320763],[37.357305062483185,0.598619859320761],[37.3643241054832,0.58903733932078],[37.390508187483185,0.575670640320763],[37.4041190274832,0.577257554320736],[37.480901254483165,0.586840074320773],[37.48914100048318,0.588426988320746],[37.491338265483186,0.578051011320779],[37.50409461348317,0.573046128320752],[37.51611853948315,0.565660874320767],[37.525090707483166,0.56865159732075],[37.574101937483185,0.573046128320752],[37.58911658648315,0.586473863320746],[37.599492562483185,0.590074937320762],[37.613896859483184,0.594652574320773],[37.635930550483174,0.597460191320747],[37.640508187483185,0.620653550320751],[37.65131141048317,0.630236070320732],[37.68591834348319,0.655016343320765],[37.70630408648315,0.666063706320754],[37.713506234483184,0.660631577320769],[37.75391150748316,0.673448960320738],[37.7781424644832,0.675646226320734],[37.78589392948316,0.674852769320748],[37.79248572648316,0.670458238320746],[37.80072547248317,0.673265855320776],[37.80811072648316,0.674425523320733],[37.84314490648318,0.687059800320751],[37.84369422248317,0.694445054320736],[37.844731820483155,0.704027574320773],[37.85193396848319,0.714464585320738],[37.87512732848318,0.734423081320754],[37.8831229334832,0.740038316320747],[37.90271521848319,0.721056382320737],[37.918523324483196,0.716051499320767],[37.930303109483184,0.721056382320737],[37.9404959804832,0.732836167320781],[37.94330359748317,0.738451402320775],[37.95630408648315,0.74424974232073],[37.95972205448316,0.748217027320775],[37.975713265483186,0.760668199320773],[37.98792029648319,0.775621812320762],[38.0015311364832,0.786241929320736],[38.0093436364832,0.800035874320767],[38.0257010584832,0.794420640320763],[38.05469275748316,0.776842515320763],[38.0623221524832,0.77763597232075],[38.056523812483185,0.797045152320775],[38.047490609483184,0.803270738320746],[38.03711463248316,1.008470933320777],[38.03510047248317,1.047655503320752],[38.03412391048317,1.071642320320732],[38.031499398483156,1.085863511320779],[37.94989539448317,1.191820542320781],[37.94690467148319,1.261034410320744],[37.952336800483174,1.38487474232073],[37.854131234483184,1.456835191320747],[37.844304574483196,1.423448960320738],[37.70331336348317,1.402025620320783],[37.687932504483165,1.39763108932078],[37.6033377774832,1.380236070320732],[37.597905648483156,1.382616441320747],[37.56250525748316,1.391649644320748],[37.54334021848319,1.421862046320766],[37.48291541448315,1.533434312320762],[37.4761405114832,1.546862046320766],[37.46069861748315,1.569872300320751],[37.412724984483184,1.643663804320736],[37.40112830448316,1.66185228132076],[37.35974646848319,1.72667161732073],[37.30713416448315,1.748827378320752],[37.298894418483194,1.775255601320734],[37.290715707483166,1.806627671320766],[37.284490121483195,1.830065171320766],[37.2757010584832,1.864061753320752],[37.27148963248316,1.867845933320777],[37.25531531648317,1.868639390320763],[37.221135629483165,1.888231675320751],[37.19690467148319,1.905016343320765],[37.1619315274832,1.961840074320773],[37.1507010584832,1.962450425320751],[37.122930062483185,1.964830796320766],[37.004888070483155,1.988268296320766],[36.998296273483156,1.99724046432078],[36.9527030114832,2.022875230320775],[36.917119515483186,2.020067613320745],[36.914495004483165,2.124071519320747],[36.8928885584832,2.193224351320733],[36.865300668483194,2.252062242320729],[36.83569861748315,2.300829331320752],[36.7966971524832,2.408861558320776],[36.76611853948315,2.491259019320747]]]},"properties":{"OBJECTID":25,"ID_":401,"COUNTY_NAM":"SAMBURU","CONST_CODE":134,"CONSTITUEN":"SAMBURU NORTH","COUNTY_COD":25,"Shape_Leng":7.83144153059,"Shape_Area":1.70766586839}},
{"type":"Feature","geometry":{"type":"Polygon","coordinates":[[[35.41931678148318,0.929430406320759],[35.421086800483174,0.937426011320779],[35.39209510148316,0.942675035320744],[35.38568641048317,0.943224351320734],[35.36932898848317,0.940050523320733],[35.365117562483185,0.941820542320781],[35.360539925483174,0.94346849232073],[35.354497445483155,0.931627671320766],[35.349492562483185,0.919847886320779],[35.327336800483174,0.926256577320769],[35.308293832483166,0.893236558320777],[35.299932015483186,0.898058335320738],[35.297124398483156,0.901659410320744],[35.293523324483196,0.912462632320737],[35.281316293483194,0.919664781320759],[35.2757010584832,0.92466966332074],[35.27271033648315,0.93083421432078],[35.263921273483156,0.93443528832074],[35.244695199483196,0.933275620320783],[35.23608924248315,0.929064195320732],[35.23474646848319,0.92607347232075],[35.2158866054832,0.920458238320746],[35.18109656648317,0.921434800320751],[35.15173865648318,0.917833726320734],[35.13452674248315,0.918444077320769],[35.121343148483156,0.909655015320763],[35.118291390483186,0.906420152320775],[35.1174979334832,0.899034898320733],[35.1143241054832,0.892015855320776],[35.11670447648316,0.850634019320748],[35.1174979334832,0.847460191320747],[35.12592078548317,0.823473374320767],[35.13232947648316,0.828844468320765],[35.1362967614832,0.82841722232075],[35.140325082483166,0.827623765320763],[35.1441092614832,0.826647202320769],[35.14490271848319,0.746874253320752],[35.151494515483186,0.738817613320746],[35.1550955894832,0.73942796432078],[35.15588904648319,0.682665269320748],[35.15271521848319,0.667650620320783],[35.1331229334832,0.653673570320732],[35.1221366054832,0.649645249320767],[35.11011267948316,0.642015855320776],[35.10352088248316,0.64464036732073],[35.0698905114832,0.629076402320775],[35.053288949483196,0.634447495320783],[35.044133675483174,0.636461656320759],[35.040898812483185,0.631456773320733],[35.031499398483156,0.615221421320766],[34.99854041448315,0.634020249320767],[34.97730017948316,0.62224046432078],[34.97351600048318,0.616625230320776],[34.96912146848319,0.612047593320765],[34.9671073084832,0.60966722232075],[34.9451346524832,0.606676499320767],[34.924932015483186,0.593248765320763],[34.908086312483185,0.594469468320765],[34.89130164448317,0.605638902320775],[34.89771033648315,0.598070542320781],[34.86810828548317,0.546434800320751],[34.887334359483184,0.54802171432078],[34.908086312483185,0.549425523320733],[34.91888953548317,0.550218980320776],[34.931340707483166,0.551439683320777],[34.94330359748317,0.552233140320763],[35.002507699483196,0.557421128320752],[35.01050330448316,0.558275620320783],[35.033086312483185,0.560228745320783],[35.046941293483194,0.560472886320779],[35.10010291448315,0.53825608932078],[35.1043143394832,0.55162278832074],[35.10791541448315,0.551866929320736],[35.12451697648316,0.543444077320769],[35.1343436364832,0.541063706320754],[35.1362967614832,0.538439195320732],[35.143132699483196,0.535631577320769],[35.154546273483156,0.536852281320759],[35.1616873864832,0.540270249320767],[35.16614295348318,0.538866441320747],[35.16150428148318,0.512621324320773],[35.15869666448315,0.499254624320767],[35.145513070483155,0.475023667320781],[35.15131141048317,0.453844468320765],[35.15430213248316,0.449633042320781],[35.17151404648319,0.423265855320776],[35.180303109483184,0.41221849232073],[35.186711800483174,0.398668687320762],[35.1917166834832,0.385851304320736],[35.19672156648317,0.375475327320769],[35.2236991054832,0.330248277320775],[35.238530648483156,0.306627671320766],[35.252934945483155,0.286241929320736],[35.26733924248315,0.265245835320738],[35.27234412548318,0.258043687320762],[35.279912484483184,0.246874253320752],[35.289128793483194,0.233019273320733],[35.2991385584832,0.224230210320738],[35.306706918483194,0.22184983932078],[35.322515023483156,0.225817124320767],[35.32593299248315,0.225267808320777],[35.333135140483186,0.218248765320763],[35.35889197648316,0.208055894320748],[35.363896859483184,0.200426499320767],[35.36670447648316,0.191027085320738],[35.35669471148315,0.18864671432078],[35.35352088248316,0.189257066320747],[35.34174109748317,0.192430894320748],[35.3421073084832,0.183824937320762],[35.342900765483186,0.17003099232073],[35.3389334804832,0.161425035320744],[35.336492074483196,0.14482347232075],[35.3797049644832,0.11442796432078],[35.3875174644832,0.112841050320751],[35.382512582483166,0.098436753320752],[35.37372351948317,0.072618882320737],[35.37048865648318,0.070238511320779],[35.3486991054832,0.06083909732075],[35.350896371483195,0.056627671320766],[35.369695199483196,0.040819566320747],[35.37689734748317,0.038866441320747],[35.38989783648315,0.034655015320763],[35.40430213248316,0.026842515320763],[35.40833045348318,0.02623216332074],[35.426946175483174,0.024828355320776],[35.44550086348317,0.024828355320776],[35.522099984483184,0.013475816320747],[35.52429725048318,0.020067613320746],[35.54248572648316,0.064867417320781],[35.5444998864832,0.072435777320775],[35.540715707483166,0.07823411732073],[35.558293832483166,0.076219956320754],[35.575322640483186,0.098619859320761],[35.59131385148316,0.146654527320775],[35.5886893394832,0.168016831320754],[35.5811209804832,0.175646226320734],[35.569341195483155,0.184618394320748],[35.5557303554832,0.188463609320761],[35.5401053554832,0.187853257320737],[35.520513070483155,0.187059800320751],[35.5203299644832,0.195665757320737],[35.52429725048318,0.205858628320752],[35.5366873864832,0.220873277320775],[35.53650428148318,0.226244370320783],[35.53174353948315,0.226427476320734],[35.520085824483196,0.227220933320777],[35.4968924644832,0.230028550320751],[35.4871268394832,0.247057359320761],[35.49072791448315,0.25224534732075],[35.49353553148318,0.258837144320748],[35.49170447648316,0.26182786732073],[35.50092078548317,0.286058824320773],[35.504888070483155,0.292467515320763],[35.50092078548317,0.29966966332074],[35.499700082483166,0.302233140320763],[35.497930062483185,0.309069077320769],[35.501103890483186,0.313036363320746],[35.505742562483185,0.313036363320746],[35.508916390483186,0.323839585320738],[35.50653601948317,0.326647202320769],[35.4905448084832,0.347216050320751],[35.4827323084832,0.353075425320751],[35.482305062483185,0.356249253320752],[35.4749198084832,0.361864488320746],[35.47473670348318,0.378466050320751],[35.48572303148318,0.383837144320748],[35.48193885148316,0.403246324320773],[35.47693396848319,0.424059312320762],[35.47412635148316,0.442858140320763],[35.463506234483184,0.453661363320746],[35.4627127774832,0.472216050320751],[35.4639334804832,0.499620835320738],[35.466496957483166,0.513475816320747],[35.475713265483186,0.552416245320783],[35.48169471148315,0.587633531320759],[35.4783377774832,0.594225327320769],[35.473088754483165,0.603075425320751],[35.466496957483166,0.613268296320766],[35.41650916448315,0.690050523320733],[35.42310096148315,0.702440660320744],[35.4527030114832,0.702623765320763],[35.49109412548318,0.701647202320769],[35.499333871483195,0.701219956320754],[35.4990897304832,0.71403733932078],[35.49414588248316,0.726427476320734],[35.496343148483156,0.736864488320746],[35.498296273483156,0.748217027320775],[35.50232459348319,0.778429429320736],[35.50189734748317,0.782823960320738],[35.50073767948316,0.800463120320783],[35.495122445483155,0.820848863320746],[35.49109412548318,0.863817613320746],[35.48450232848318,0.875658433320777],[35.4636893394832,0.875658433320777],[35.45874549248315,0.881029527320775],[35.4636893394832,0.888658921320766],[35.455327523483156,0.901659410320744],[35.42151404648319,0.906237046320766],[35.41931678148318,0.929430406320759]]]},"properties":{"OBJECTID":26,"ID_":1723,"COUNTY_NAM":"UASIN GISHU","CONST_CODE":144,"CONSTITUEN":"AINABKOI","COUNTY_COD":27,"Shape_Leng":3.79630380519,"Shape_Area":0.27589006735}},
{"type":"Feature","geometry":{"type":"Polygon","coordinates":[[[35.70111609748317,1.275438706320754],[35.6961112144832,1.297045152320775],[35.69189978948315,1.316820542320781],[35.62109900748316,1.290270249320767],[35.604131234483184,1.27763597232075],[35.58374549248315,1.286669175320751],[35.56909705448316,1.290026109320761],[35.553288949483196,1.284227769320748],[35.50092078548317,1.250658433320777],[35.47668982848318,1.230028550320751],[35.459538949483196,1.215624253320752],[35.445928109483184,1.204454820320732],[35.428288949483196,1.190050523320733],[35.41888953548317,1.182238023320733],[35.38690711348317,1.156237046320766],[35.371526254483165,1.14341966332074],[35.36450721148315,1.137621324320773],[35.31848670348318,1.167467515320763],[35.31189490648318,1.169847886320779],[35.296086800483174,1.14427415632076],[35.29431678148318,1.137072007320737],[35.2879080894832,1.134020249320767],[35.2490897304832,1.151842515320763],[35.22528601948317,1.163072984320761],[35.15228797248317,1.198229234320761],[35.20209266048317,1.117052476320734],[35.24994422248317,1.07042161732073],[35.26752234748317,1.063219468320765],[35.28174353948315,1.055468003320752],[35.30933142948316,1.038072984320761],[35.3311209804832,1.029222886320779],[35.34711219148317,1.023851792320781],[35.355535043483194,1.020861070320732],[35.36292029648319,1.017015855320776],[35.34412146848319,1.00364915632076],[35.34589148848317,0.996263902320775],[35.34851600048318,0.98942796432078],[35.3499198084832,0.977037827320769],[35.34448767948316,0.946642320320732],[35.35950232848318,0.94365159732075],[35.363896859483184,0.94224778832074],[35.36932898848317,0.940050523320733],[35.38568641048317,0.943224351320734],[35.39209510148316,0.942675035320744],[35.421086800483174,0.937426011320779],[35.41931678148318,0.929430406320759],[35.42151404648319,0.906237046320766],[35.455327523483156,0.901659410320744],[35.4636893394832,0.888658921320766],[35.45874549248315,0.881029527320775],[35.4636893394832,0.875658433320777],[35.48450232848318,0.875658433320777],[35.49109412548318,0.863817613320746],[35.495122445483155,0.820848863320746],[35.50073767948316,0.800463120320783],[35.50189734748317,0.782823960320738],[35.50232459348319,0.778429429320736],[35.498296273483156,0.748217027320775],[35.496343148483156,0.736864488320746],[35.49414588248316,0.726427476320734],[35.4990897304832,0.71403733932078],[35.499333871483195,0.701219956320754],[35.49109412548318,0.701647202320769],[35.4527030114832,0.702623765320763],[35.42310096148315,0.702440660320744],[35.41650916448315,0.690050523320733],[35.466496957483166,0.613268296320766],[35.473088754483165,0.603075425320751],[35.4783377774832,0.594225327320769],[35.48169471148315,0.587633531320759],[35.475713265483186,0.552416245320783],[35.466496957483166,0.513475816320747],[35.4639334804832,0.499620835320738],[35.4627127774832,0.472216050320751],[35.463506234483184,0.453661363320746],[35.47412635148316,0.442858140320763],[35.47693396848319,0.424059312320762],[35.48193885148316,0.403246324320773],[35.48572303148318,0.383837144320748],[35.47473670348318,0.378466050320751],[35.4749198084832,0.361864488320746],[35.482305062483185,0.356249253320752],[35.4827323084832,0.353075425320751],[35.4905448084832,0.347216050320751],[35.50653601948317,0.326647202320769],[35.508916390483186,0.323839585320738],[35.505742562483185,0.313036363320746],[35.501103890483186,0.313036363320746],[35.497930062483185,0.309069077320769],[35.499700082483166,0.302233140320763],[35.50092078548317,0.29966966332074],[35.504888070483155,0.292467515320763],[35.50092078548317,0.286058824320773],[35.49170447648316,0.26182786732073],[35.49353553148318,0.258837144320748],[35.49072791448315,0.25224534732075],[35.4871268394832,0.247057359320761],[35.4968924644832,0.230028550320751],[35.520085824483196,0.227220933320777],[35.53174353948315,0.226427476320734],[35.53650428148318,0.226244370320783],[35.5366873864832,0.220873277320775],[35.52429725048318,0.205858628320752],[35.5203299644832,0.195665757320737],[35.520513070483155,0.187059800320751],[35.5401053554832,0.187853257320737],[35.5557303554832,0.188463609320761],[35.569341195483155,0.184618394320748],[35.5811209804832,0.175646226320734],[35.5886893394832,0.168016831320754],[35.66992713248316,0.168016831320754],[35.69373084348319,0.175829331320754],[35.69348670348318,0.182421128320752],[35.70093299248315,0.192430894320748],[35.7171073084832,0.205065171320766],[35.722905648483156,0.220018785320744],[35.71112586348317,0.263658921320766],[35.714543832483166,0.276049058320777],[35.714910043483194,0.291246812320762],[35.71533728948315,0.296617906320759],[35.71429969148317,0.307421128320752],[35.71570350048318,0.31865159732075],[35.7183280114832,0.32841722232075],[35.723088754483165,0.338243882320737],[35.722539437483185,0.349230210320738],[35.70593787548318,0.362657945320732],[35.70190955448316,0.363634507320737],[35.697698129483165,0.363817613320746],[35.66870642948316,0.380236070320732],[35.656316293483194,0.396471421320766],[35.64471961348317,0.46403733932078],[35.6409354334832,0.469835679320736],[35.6143241054832,0.510424058320777],[35.61151648848317,0.524034898320733],[35.6065116054832,0.561632554320736],[35.61414100048318,0.577867906320759],[35.613530648483156,0.582445542320781],[35.60492469148317,0.596056382320737],[35.60132361748315,0.631029527320775],[35.607121957483166,0.637438218320765],[35.60913611748315,0.644274156320759],[35.60834266048317,0.653063218320765],[35.6065116054832,0.659838120320783],[35.61011267948316,0.67106858932078],[35.624700082483166,0.681017320320732],[35.6253104334832,0.685045640320763],[35.632512582483166,0.690233628320752],[35.621343148483156,0.734850327320769],[35.62512732848318,0.742052476320734],[35.62689734748317,0.753649156320759],[35.6375174644832,0.786669175320751],[35.63550330448316,0.799059312320762],[35.643132699483196,0.818834702320769],[35.6397147304832,0.827867906320759],[35.64111853948315,0.835436265320763],[35.62689734748317,0.852465074320773],[35.6240897304832,0.865648667320781],[35.626103890483186,0.879076402320775],[35.62714148848317,0.906420152320775],[35.63232947648316,0.944628160320744],[35.63568641048317,0.956652085320738],[35.6362967614832,0.976244370320783],[35.638921273483156,0.984239976320734],[35.63470984748317,0.990038316320747],[35.6409354334832,1.004869859320761],[35.65772010148316,1.030870835320738],[35.66748572648316,1.037828843320765],[35.671941293483194,1.043444077320769],[35.672490609483184,1.052233140320763],[35.67529822648316,1.064073960320738],[35.6839041834832,1.086840074320773],[35.6851248864832,1.090258042320781],[35.692693246483195,1.099657456320754],[35.7061209804832,1.13487474232073],[35.70972205448316,1.148058335320738],[35.70154334348319,1.220262925320751],[35.70349646848319,1.222643296320766],[35.703740609483184,1.26964036732073],[35.70111609748317,1.275438706320754]]]},"properties":{"OBJECTID":27,"ID_":778,"COUNTY_NAM":"ELEGEYO-MARAKWET","CONST_CODE":147,"CONSTITUEN":"MARAKWET EAST","COUNTY_COD":28,"Shape_Leng":3.8541213715,"Shape_Area":0.24576217495}},
{"type":"Feature","geometry":{"type":"Polygon","coordinates":[[[35.046941293483194,0.560472886320779],[35.033086312483185,0.560228745320783],[35.01050330448316,0.558275620320783],[35.002507699483196,0.557421128320752],[34.94330359748317,0.552233140320763],[34.931340707483166,0.551439683320777],[34.91888953548317,0.550218980320776],[34.908086312483185,0.549425523320733],[34.887334359483184,0.54802171432078],[34.86810828548317,0.546434800320751],[34.857305062483185,0.54185716332074],[34.87549353948315,0.527269761320779],[34.8843436364832,0.522020738320746],[34.904546273483156,0.506456773320733],[34.90869666448315,0.493639390320763],[34.91010047248317,0.488451402320775],[34.92450476948317,0.474840562320762],[34.9385428554832,0.450426499320767],[34.94409705448316,0.440233628320752],[34.94989539448317,0.429247300320751],[34.956731332483166,0.414843003320752],[34.955510629483165,0.368456285320744],[34.94934607848318,0.35185472232075],[34.94409705448316,0.354845445320732],[34.941289437483185,0.333422105320776],[34.94232703548317,0.324816148320733],[34.95313025748316,0.297838609320761],[34.969914925483174,0.264025132320737],[34.9736991054832,0.25505296432078],[34.97412635148316,0.23942796432078],[34.96234656648317,0.238634507320737],[34.95313025748316,0.229418199320773],[34.94873572648316,0.218676011320779],[34.9404959804832,0.206835191320747],[34.92749549248315,0.200853745320783],[34.92554236748315,0.19365159732075],[34.923894418483194,0.189073960320738],[34.917302621483195,0.170458238320746],[34.91669226948317,0.157030503320752],[34.914495004483165,0.154039781320759],[34.90112830448316,0.151049058320777],[34.89349891048317,0.147020738320746],[34.888738168483194,0.14464036732073],[34.8740897304832,0.131822984320761],[34.8699393394832,0.12706224232073],[34.85791541448315,0.109850327320769],[34.86011267948316,0.081468980320776],[34.84912635148316,0.066271226320734],[34.847905648483156,0.055468003320752],[34.84070350048318,0.045275132320737],[34.836919320483155,0.03044358932078],[34.811711800483174,0.028429429320736],[34.80951453548317,0.026476304320736],[34.807927621483195,0.020861070320732],[34.794133675483174,0.01982347232075],[34.784307015483186,0.011644761320779],[34.7791190274832,0.005419175320751],[34.77490760148316,0.003221910320744],[34.76068641048317,0.005419175320751],[34.754888070483155,0.008226792320781],[34.74170447648316,0.003221910320744],[34.741521371483195,-0.005384047679231],[34.748296273483156,-0.018262464679256],[34.75671912548318,-0.028943617679263],[34.765508187483185,-0.01746900767927],[34.7725272304832,-0.016858656679235],[34.779912484483184,-0.018140394679224],[34.784307015483186,-0.012036879679217],[34.79388953548317,-0.001782972679225],[34.81091834348319,0.010668199320773],[34.82294226948317,0.022020738320746],[34.82568885148316,0.015062730320776],[34.80933142948316,-0.011243422679231],[34.81073523848317,-0.013867933679253],[34.808293832483166,-0.021131117679263],[34.881108773483156,-0.026746351679267],[34.90692664448317,-0.02815016067922],[34.91089392948316,-0.028333265679239],[34.92011023848317,-0.033338148679266],[34.923894418483194,-0.036634047679231],[34.93591834348319,-0.035840589679256],[34.95129920348318,-0.03095777767925],[34.964726937483185,-0.032666761679254],[34.97888709348319,-0.02454908667926],[34.995305550483174,-0.022840101679267],[35.0081229334832,-0.039563734679237],[35.01050330448316,-0.054151136679254],[35.055303109483184,-0.054151136679254],[35.06049109748317,-0.057935316679223],[35.06592322648316,-0.066663343679241],[35.07190467148319,-0.058850843679241],[35.0921073084832,-0.044568617679263],[35.09729529648319,-0.030469496679248],[35.10352088248316,-0.023572523679266],[35.102727425483174,-0.014966566679223],[35.10809851948317,-0.007581312679238],[35.12372351948317,-0.018140394679224],[35.135930550483174,-0.026746351679267],[35.148137582483166,-0.034253675679227],[35.16693641048317,-0.031873304679268],[35.187932504483165,-0.028882582679219],[35.20111609748317,-0.027478773679266],[35.2217459804832,-0.037366468679241],[35.2215018394832,-0.040540297679231],[35.227117074483196,-0.066052992679263],[35.22730017948316,-0.07197340267925],[35.23608924248315,-0.105237562679238],[35.27612830448316,-0.099683363679221],[35.308293832483166,-0.085950453679234],[35.340093148483156,-0.108045179679268],[35.37250281648317,-0.109754164679262],[35.390508187483185,-0.097669203679234],[35.42011023848317,-0.080335218679241],[35.4050955894832,-0.023633558679253],[35.42932654648319,0.01182786732073],[35.43890906648317,0.017626206320754],[35.426946175483174,0.024828355320776],[35.40833045348318,0.02623216332074],[35.40430213248316,0.026842515320763],[35.38989783648315,0.034655015320763],[35.37689734748317,0.038866441320747],[35.369695199483196,0.040819566320747],[35.350896371483195,0.056627671320766],[35.3486991054832,0.06083909732075],[35.37048865648318,0.070238511320779],[35.37372351948317,0.072618882320737],[35.382512582483166,0.098436753320752],[35.3875174644832,0.112841050320751],[35.3797049644832,0.11442796432078],[35.336492074483196,0.14482347232075],[35.3389334804832,0.161425035320744],[35.342900765483186,0.17003099232073],[35.3421073084832,0.183824937320762],[35.34174109748317,0.192430894320748],[35.35352088248316,0.189257066320747],[35.35669471148315,0.18864671432078],[35.36670447648316,0.191027085320738],[35.363896859483184,0.200426499320767],[35.35889197648316,0.208055894320748],[35.333135140483186,0.218248765320763],[35.32593299248315,0.225267808320777],[35.322515023483156,0.225817124320767],[35.306706918483194,0.22184983932078],[35.2991385584832,0.224230210320738],[35.289128793483194,0.233019273320733],[35.279912484483184,0.246874253320752],[35.27234412548318,0.258043687320762],[35.26733924248315,0.265245835320738],[35.252934945483155,0.286241929320736],[35.238530648483156,0.306627671320766],[35.2236991054832,0.330248277320775],[35.19672156648317,0.375475327320769],[35.1917166834832,0.385851304320736],[35.186711800483174,0.398668687320762],[35.180303109483184,0.41221849232073],[35.17151404648319,0.423265855320776],[35.15430213248316,0.449633042320781],[35.15131141048317,0.453844468320765],[35.145513070483155,0.475023667320781],[35.15869666448315,0.499254624320767],[35.16150428148318,0.512621324320773],[35.16614295348318,0.538866441320747],[35.1616873864832,0.540270249320767],[35.154546273483156,0.536852281320759],[35.143132699483196,0.535631577320769],[35.1362967614832,0.538439195320732],[35.1343436364832,0.541063706320754],[35.12451697648316,0.543444077320769],[35.10791541448315,0.551866929320736],[35.1043143394832,0.55162278832074],[35.10010291448315,0.53825608932078],[35.046941293483194,0.560472886320779]]]},"properties":{"OBJECTID":28,"ID_":1582,"COUNTY_NAM":"NANDI","CONST_CODE":156,"CONSTITUEN":"MOSOP","COUNTY_COD":29,"Shape_Leng":3.05726592217,"Shape_Area":0.23023133721}},
{"type":"Feature","geometry":{"type":"Polygon","coordinates":[[[36.03711463248316,1.26146165632076],[36.0203299644832,1.287828843320765],[35.97730017948316,1.355455796320766],[35.936101449483196,1.41966478132076],[35.85809851948317,1.54185716332074],[35.7957205894832,1.638658921320766],[35.78192664448317,1.653856675320751],[35.788945687483185,1.622850816320747],[35.781133187483185,1.618456285320744],[35.78210975048318,1.583422105320776],[35.7803397304832,1.575243394320748],[35.78070594148317,1.570665757320737],[35.77631141048317,1.560045640320763],[35.753118050483174,1.504076402320775],[35.7424979334832,1.49724046432078],[35.73608924248315,1.489855210320738],[35.72473670348318,1.473070542320781],[35.71692420348318,1.447435777320775],[35.70850135148316,1.433641831320754],[35.70850135148316,1.413072984320761],[35.70453406648317,1.399462144320748],[35.700505746483195,1.389452378320752],[35.691106332483166,1.359056870320783],[35.690740121483195,1.350267808320777],[35.68872596148315,1.346056382320737],[35.69373084348319,1.33763353132076],[35.6961112144832,1.333422105320776],[35.70068885148316,1.32506028832074],[35.69791255448319,1.31626571732073],[35.6961112144832,1.297045152320775],[35.70111609748317,1.275438706320754],[35.703740609483184,1.26964036732073],[35.70349646848319,1.222643296320766],[35.70154334348319,1.220262925320751],[35.70972205448316,1.148058335320738],[35.7061209804832,1.13487474232073],[35.692693246483195,1.099657456320754],[35.6851248864832,1.090258042320781],[35.6839041834832,1.086840074320773],[35.67529822648316,1.064073960320738],[35.672490609483184,1.052233140320763],[35.671941293483194,1.043444077320769],[35.66748572648316,1.037828843320765],[35.65772010148316,1.030870835320738],[35.6409354334832,1.004869859320761],[35.63470984748317,0.990038316320747],[35.638921273483156,0.984239976320734],[35.6362967614832,0.976244370320783],[35.63568641048317,0.956652085320738],[35.63232947648316,0.944628160320744],[35.62714148848317,0.906420152320775],[35.626103890483186,0.879076402320775],[35.6240897304832,0.865648667320781],[35.62689734748317,0.852465074320773],[35.64111853948315,0.835436265320763],[35.6397147304832,0.827867906320759],[35.643132699483196,0.818834702320769],[35.63550330448316,0.799059312320762],[35.6375174644832,0.786669175320751],[35.62689734748317,0.753649156320759],[35.62512732848318,0.742052476320734],[35.621343148483156,0.734850327320769],[35.632512582483166,0.690233628320752],[35.6253104334832,0.685045640320763],[35.624700082483166,0.681017320320732],[35.61011267948316,0.67106858932078],[35.6065116054832,0.659838120320783],[35.60834266048317,0.653063218320765],[35.60913611748315,0.644274156320759],[35.607121957483166,0.637438218320765],[35.60132361748315,0.631029527320775],[35.60492469148317,0.596056382320737],[35.613530648483156,0.582445542320781],[35.61414100048318,0.577867906320759],[35.6065116054832,0.561632554320736],[35.61151648848317,0.524034898320733],[35.6143241054832,0.510424058320777],[35.6409354334832,0.469835679320736],[35.64471961348317,0.46403733932078],[35.656316293483194,0.396471421320766],[35.66870642948316,0.380236070320732],[35.697698129483165,0.363817613320746],[35.70190955448316,0.363634507320737],[35.70593787548318,0.362657945320732],[35.722539437483185,0.349230210320738],[35.723088754483165,0.338243882320737],[35.7183280114832,0.32841722232075],[35.71570350048318,0.31865159732075],[35.71429969148317,0.307421128320752],[35.71533728948315,0.296617906320759],[35.714910043483194,0.291246812320762],[35.714543832483166,0.276049058320777],[35.71112586348317,0.263658921320766],[35.722905648483156,0.220018785320744],[35.7171073084832,0.205065171320766],[35.70093299248315,0.192430894320748],[35.69348670348318,0.182421128320752],[35.69373084348319,0.175829331320754],[35.66992713248316,0.168016831320754],[35.5886893394832,0.168016831320754],[35.59131385148316,0.146654527320775],[35.575322640483186,0.098619859320761],[35.558293832483166,0.076219956320754],[35.540715707483166,0.07823411732073],[35.5444998864832,0.072435777320775],[35.54248572648316,0.064867417320781],[35.52429725048318,0.020067613320746],[35.5369315274832,-0.000379164679262],[35.5523123864832,-0.008557875679233],[35.58533240648318,-0.008435804679268],[35.628118050483174,-0.034680922679231],[35.633916390483186,-0.036328871679248],[35.6375174644832,-0.05457838267927],[35.648686898483156,-0.058972914679262],[35.689702523483156,-0.074842054679268],[35.698918832483166,-0.112866957679219],[35.706914437483185,-0.123670179679268],[35.730535043483194,-0.157666761679254],[35.723943246483195,-0.196729261679254],[35.74994422248317,-0.199475843679241],[35.77271033648315,-0.194654066679223],[35.78589392948316,-0.172132093679241],[35.79950476948317,-0.104383070679264],[35.815740121483195,-0.109876234679237],[35.830144418483194,-0.108350355679252],[35.858525765483186,-0.066480238679221],[35.86609412548318,-0.055066664679262],[35.8819022304832,-0.040662367679263],[35.88690711348317,-0.045178968679241],[35.90552283648315,-0.058240492679263],[35.926335824483196,-0.078382093679241],[35.93909217148319,-0.059583265679239],[35.9495291834832,-0.052869398679266],[35.9605155114832,-0.033032972679225],[35.963506234483184,-0.024732191679223],[35.97192908648315,-0.012769300679227],[35.9749198084832,0.001024644320748],[35.9780936364832,0.008043687320762],[35.97852088248316,0.016039292320781],[35.93909217148319,0.059252183320777],[35.936101449483196,0.081835191320747],[35.950505746483195,0.091234605320776],[35.96234656648317,0.082445542320781],[35.97473670348318,0.056627671320766],[35.99951697648316,0.059069077320769],[36.00171424248315,0.055468003320752],[36.00549842148319,0.03825608932078],[36.00653601948317,0.034471910320744],[36.01331092148319,0.02763597232075],[36.04773475048318,0.012255113320746],[36.063115609483184,-0.000135023679266],[36.072331918483194,-0.004529554679268],[36.104497445483155,-0.004529554679268],[36.1143241054832,0.004442613320746],[36.10693885148316,0.060045640320763],[36.1297049644832,0.068224351320734],[36.13348914448317,0.096422593320765],[36.13794471148315,0.117845933320777],[36.14154578548317,0.129869859320761],[36.14471961348317,0.153063218320765],[36.14893103948315,0.184252183320777],[36.16553260148316,0.189073960320738],[36.19550086348317,0.197435777320775],[36.19849158648315,0.211840074320773],[36.19873572648316,0.215258042320781],[36.18872596148315,0.220262925320751],[36.18494178148318,0.229235093320765],[36.23633338248316,0.209032456320754],[36.25653601948317,0.181627671320766],[36.26709510148316,0.18864671432078],[36.28870154648319,0.205248277320775],[36.29651404648319,0.238451402320775],[36.26990271848319,0.274645249320767],[36.264104379483165,0.279833238320746],[36.2612967614832,0.287035386320779],[36.24072791448315,0.313036363320746],[36.22668982848318,0.319872300320751],[36.248296273483156,0.340624253320752],[36.246343148483156,0.327257554320736],[36.2612967614832,0.348863999320767],[36.260930550483174,0.357469956320754],[36.25513221148315,0.379076402320775],[36.240117562483185,0.388658921320766],[36.2280936364832,0.396227281320759],[36.229131234483184,0.405870835320738],[36.232121957483166,0.423265855320776],[36.256291879483165,0.47685472232075],[36.2647147304832,0.495043199320773],[36.270085824483196,0.506822984320761],[36.28992225048318,0.55107347232075],[36.2800955894832,0.624071519320748],[36.28973914448317,0.644274156320759],[36.35614539448317,0.667223374320767],[36.3884940274832,0.70006028832074],[36.39911414448317,0.710253160320744],[36.41034461348317,0.723863999320767],[36.42810584348319,0.752672593320765],[36.4448905114832,0.78044358932078],[36.48608924248315,0.843065660320744],[36.4736991054832,0.857836167320781],[36.46893836348317,0.862657945320732],[36.4658866054832,0.863268296320766],[36.46094275748316,0.86802903832074],[36.43573523848317,0.878466050320751],[36.42651892948316,0.888475816320747],[36.414311898483156,0.898851792320781],[36.4072928554832,0.899218003320752],[36.40173865648318,0.900621812320762],[36.38953162548318,0.942675035320744],[36.388738168483194,0.947069566320747],[36.37854529648319,0.95341722232075],[36.37268592148319,0.953844468320765],[36.363896859483184,0.961473863320746],[36.36011267948316,0.962633531320759],[36.34833289448317,0.975817124320767],[36.3467459804832,0.985033433320777],[36.33569861748315,0.991259019320748],[36.325322640483186,0.990038316320747],[36.31091834348319,0.998033921320766],[36.277898324483196,1.039049546320766],[36.2647147304832,1.055651109320761],[36.173894418483194,1.168871324320773],[36.13330603948315,1.167833726320734],[36.098088754483165,1.166063706320754],[36.056340707483166,1.231676499320767],[36.03711463248316,1.26146165632076]]]},"properties":{"OBJECTID":29,"ID_":1555,"COUNTY_NAM":"BARINGO","CONST_CODE":159,"CONSTITUEN":"BARINGO CENTRAL","COUNTY_COD":30,"Shape_Leng":5.81571392065,"Shape_Area":0.88451236882}},
{"type":"Feature","geometry":{"type":"Polygon","coordinates":[[[36.848943246483195,0.776842515320763],[36.811101449483196,0.858629624320767],[36.8010916834832,0.864855210320738],[36.757146371483195,0.857225816320747],[36.732305062483185,0.825426499320767],[36.70313025748316,0.820848863320746],[36.69012976948317,0.820055406320759],[36.67651892948316,0.816271226320734],[36.52673865648318,0.812853257320737],[36.51190711348317,0.812853257320737],[36.4859061364832,0.825426499320767],[36.48792029648319,0.83482591332074],[36.48608924248315,0.843065660320744],[36.4448905114832,0.78044358932078],[36.42810584348319,0.752672593320765],[36.41034461348317,0.723863999320767],[36.39911414448317,0.710253160320744],[36.3884940274832,0.70006028832074],[36.35614539448317,0.667223374320767],[36.28973914448317,0.644274156320759],[36.2800955894832,0.624071519320748],[36.28992225048318,0.55107347232075],[36.270085824483196,0.506822984320761],[36.2647147304832,0.495043199320773],[36.256291879483165,0.47685472232075],[36.232121957483166,0.423265855320776],[36.229131234483184,0.405870835320738],[36.2280936364832,0.396227281320759],[36.240117562483185,0.388658921320766],[36.25513221148315,0.379076402320775],[36.260930550483174,0.357469956320754],[36.2612967614832,0.348863999320767],[36.246343148483156,0.327257554320736],[36.248296273483156,0.340624253320752],[36.22668982848318,0.319872300320751],[36.24072791448315,0.313036363320746],[36.2612967614832,0.287035386320779],[36.264104379483165,0.279833238320746],[36.26990271848319,0.274645249320767],[36.29651404648319,0.238451402320775],[36.28870154648319,0.205248277320775],[36.26709510148316,0.18864671432078],[36.25653601948317,0.181627671320766],[36.28650428148318,0.125475327320769],[36.268743050483174,0.080065171320766],[36.257146371483195,0.056017320320732],[36.26068641048317,-0.00556715267925],[36.25848914448317,-0.016248304679268],[36.262700570483155,-0.020948011679254],[36.273137582483166,-0.002149183679253],[36.281499398483156,0.003038804320736],[36.303899300483174,0.011034410320744],[36.31189490648318,0.016832749320767],[36.3211112144832,0.018236558320777],[36.34412146848319,0.029467027320775],[36.35291053148318,0.018053452320769],[36.3875174644832,0.026476304320736],[36.39471961348317,0.03044358932078],[36.40588904648319,0.038622300320751],[36.42590857848318,0.042833726320734],[36.43451453548317,0.086473863320746],[36.44373084348319,0.094835679320736],[36.48572303148318,0.114672105320776],[36.51209021848319,0.086656968320765],[36.52112342148319,0.057665269320748],[36.52411414448317,0.04802171432078],[36.57831336348317,0.069872300320751],[36.5921073084832,0.04185716332074],[36.6052909024832,0.003038804320736],[36.65112830448316,-0.016065199679249],[36.58289100048318,-0.022168714679256],[36.56268836348317,-0.043042738679221],[36.56049109748317,-0.050855238679221],[36.551946175483174,-0.069531996679248],[36.5557303554832,-0.090344984679237],[36.59314490648318,-0.10236891067922],[36.63568641048317,-0.106641371679248],[36.64209510148316,-0.120740492679263],[36.65692664448317,-0.15315016067922],[36.66052771848319,-0.15223463267927],[36.6995291834832,-0.13947828567922],[36.71094275748316,-0.13587721167926],[36.730901254483165,-0.125379164679262],[36.75232459348319,-0.120557386679254],[36.793523324483196,-0.107556898679266],[36.832097543483194,-0.134778578679234],[36.85510779648319,-0.140271742679263],[36.863896859483184,-0.158582289679262],[36.8655448084832,-0.186841566679223],[36.85230017948316,-0.196729261679254],[36.84253455448316,-0.204846937679238],[36.857305062483185,-0.254956800679227],[36.8884940274832,-0.261243422679231],[36.9627127774832,-0.284375746679248],[36.99890662548318,-0.271436293679246],[37.010320199483196,-0.241956312679238],[37.012334359483184,-0.228772718679241],[37.01013709348319,-0.156629164679262],[37.004521859483184,-0.148450453679234],[36.9949393394832,-0.143140394679224],[36.985539925483174,-0.129163343679241],[36.979131234483184,-0.07923658667926],[36.98651648848317,-0.069043714679256],[37.02631141048317,-0.048963148679266],[37.04834510148316,-0.019666273679266],[37.0545096524832,-0.007459242679263],[37.06873084348319,-0.002332289679262],[37.072515023483156,0.004259507320737],[37.07813025748316,0.006456773320733],[37.08612586348317,-0.01283033667926],[37.094731820483155,-0.01923902767925],[37.098088754483165,-0.022962172679231],[37.108525765483186,-0.03236158667926],[37.116338265483186,-0.031446058679253],[37.107488168483194,-0.000928480679252],[37.09912635148316,0.010424058320777],[37.09692908648315,0.013231675320751],[37.09070350048318,0.020433824320773],[37.09589148848317,0.026476304320736],[37.1253104334832,0.036241929320736],[37.13611365648318,0.037828843320765],[37.1428885584832,0.041674058320777],[37.15912391048317,0.049425523320733],[37.180120004483165,0.054430406320759],[37.20850135148316,0.067064683320777],[37.230718148483156,0.076647202320769],[37.23450232848318,0.098070542320781],[37.24573279648319,0.106066148320733],[37.25049353948315,0.100023667320781],[37.2581229334832,0.102037827320769],[37.281499398483156,0.127428452320769],[37.28729773848317,0.154833238320746],[37.30170203548317,0.167467515320763],[37.30811072648316,0.174425523320733],[37.3486991054832,0.194017808320777],[37.355535043483194,0.217821519320748],[37.365300668483194,0.243822495320783],[37.36133338248316,0.253649156320759],[37.363896859483184,0.25505296432078],[37.37732459348319,0.272447984320761],[37.381291879483165,0.273668687320762],[37.3884940274832,0.284655015320763],[37.39331580448316,0.296434800320751],[37.395696175483174,0.300035874320767],[37.393743050483174,0.31083909732075],[37.39471961348317,0.316637437320762],[37.393743050483174,0.319628160320744],[37.39349891048317,0.333422105320776],[37.3928885584832,0.336473863320746],[37.37909461348317,0.364672105320776],[37.379521859483184,0.377672593320765],[37.363896859483184,0.406847398320733],[37.36151648848317,0.408434312320762],[37.3530936364832,0.420641343320765],[37.35230017948316,0.432054917320781],[37.35132361748315,0.436266343320765],[37.3543143394832,0.463426988320746],[37.35889197648316,0.473070542320781],[37.360539925483174,0.483019273320733],[37.361943734483184,0.501634995320783],[37.33392859748317,0.514025132320737],[37.21631385148316,0.527269761320779],[37.1948905114832,0.529833238320746],[37.17468787548318,0.532030503320752],[37.11414100048318,0.539232652320775],[37.07172156648317,0.544420640320763],[37.005742562483185,0.552416245320783],[36.868291390483186,0.568834702320769],[36.8687186364832,0.58482591332074],[36.87451697648316,0.600267808320777],[36.879521859483184,0.603441636320779],[36.88794471148315,0.60826341332074],[36.890508187483185,0.617052476320734],[36.90991736748315,0.635851304320736],[36.909307015483186,0.644030015320763],[36.9116873864832,0.647447984320761],[36.914495004483165,0.659838120320783],[36.923711312483185,0.663439195320732],[36.9260916834832,0.683275620320783],[36.92651892948316,0.694445054320736],[36.92712928148318,0.723619859320761],[36.931706918483194,0.733019273320733],[36.93172971448319,0.741640383320769],[36.91211463248316,0.727220933320777],[36.90869666448315,0.732836167320781],[36.88953162548318,0.736071031320759],[36.863530648483156,0.739672105320776],[36.862309945483155,0.746874253320752],[36.854497445483155,0.763842027320775],[36.848943246483195,0.776842515320763]]]},"properties":{"OBJECTID":30,"ID_":1416,"COUNTY_NAM":"LAIKIPIA","CONST_CODE":165,"CONSTITUEN":"LAIKIPIA NORTH","COUNTY_COD":31,"Shape_Leng":5.22280558966,"Shape_Area":0.77470766941}},
{"type":"Feature","geometry":{"type":"Polygon","coordinates":[[[36.257146371483195,0.056017320320732],[36.268743050483174,0.080065171320766],[36.28650428148318,0.125475327320769],[36.25653601948317,0.181627671320766],[36.23633338248316,0.209032456320754],[36.18494178148318,0.229235093320765],[36.18872596148315,0.220262925320751],[36.19873572648316,0.215258042320781],[36.19849158648315,0.211840074320773],[36.19550086348317,0.197435777320775],[36.16553260148316,0.189073960320738],[36.14893103948315,0.184252183320777],[36.14471961348317,0.153063218320765],[36.14154578548317,0.129869859320761],[36.13794471148315,0.117845933320777],[36.13348914448317,0.096422593320765],[36.1297049644832,0.068224351320734],[36.10693885148316,0.060045640320763],[36.1143241054832,0.004442613320746],[36.104497445483155,-0.004529554679268],[36.072331918483194,-0.004529554679268],[36.063115609483184,-0.000135023679266],[36.04773475048318,0.012255113320746],[36.01331092148319,0.02763597232075],[36.00653601948317,0.034471910320744],[36.00549842148319,0.03825608932078],[36.00171424248315,0.055468003320752],[35.99951697648316,0.059069077320769],[35.97473670348318,0.056627671320766],[35.96234656648317,0.082445542320781],[35.950505746483195,0.091234605320776],[35.936101449483196,0.081835191320747],[35.93909217148319,0.059252183320777],[35.97852088248316,0.016039292320781],[35.9780936364832,0.008043687320762],[35.9749198084832,0.001024644320748],[35.97192908648315,-0.012769300679227],[35.963506234483184,-0.024732191679223],[35.9605155114832,-0.033032972679225],[35.9495291834832,-0.052869398679266],[35.93909217148319,-0.059583265679239],[35.926335824483196,-0.078382093679241],[35.90552283648315,-0.058240492679263],[35.88690711348317,-0.045178968679241],[35.8819022304832,-0.040662367679263],[35.86609412548318,-0.055066664679262],[35.858525765483186,-0.066480238679221],[35.830144418483194,-0.108350355679252],[35.815740121483195,-0.109876234679237],[35.79950476948317,-0.104383070679264],[35.78589392948316,-0.172132093679241],[35.77271033648315,-0.194654066679223],[35.74994422248317,-0.199475843679241],[35.723943246483195,-0.196729261679254],[35.730535043483194,-0.157666761679254],[35.706914437483185,-0.123670179679268],[35.698918832483166,-0.112866957679219],[35.689702523483156,-0.074842054679268],[35.648686898483156,-0.058972914679262],[35.640691293483194,-0.061536390679239],[35.62671424248315,-0.078748304679268],[35.6174979334832,-0.088880140679239],[35.60193396848319,-0.13783033667926],[35.60168982848318,-0.14533766067922],[35.60474158648315,-0.15205152767925],[35.61169959348319,-0.159070570679264],[35.63831092148319,-0.151563246679248],[35.65173865648318,-0.15595777767925],[35.66748572648316,-0.163465101679267],[35.66669226948317,-0.185681898679266],[35.65692664448317,-0.242566664679262],[35.654546273483156,-0.251966078679234],[35.611943734483184,-0.29017408667926],[35.602544320483155,-0.285230238679221],[35.58569861748315,-0.293164808679253],[35.5698905114832,-0.304761488679221],[35.55951453548317,-0.27424391067922],[35.52710486748315,-0.268262464679256],[35.48828650748316,-0.275769789679262],[35.477544320483155,-0.277967054679268],[35.45874549248315,-0.286328871679248],[35.450322640483186,-0.290357191679223],[35.41669226948317,-0.306775648679266],[35.4304862144832,-0.329846937679238],[35.44012976948317,-0.345349867679263],[35.447698129483165,-0.357984144679224],[35.45313025748316,-0.366529066679223],[35.47229529648319,-0.39814527767925],[35.479131234483184,-0.409070570679264],[35.48450232848318,-0.418164808679253],[35.512700570483155,-0.464368422679231],[35.5379080894832,-0.504956800679227],[35.54370642948316,-0.514661390679239],[35.54932166448315,-0.524182875679233],[35.561101449483196,-0.544446547679231],[35.570928109483184,-0.560865004679217],[35.58630896848319,-0.58674391067922],[35.58789588248316,-0.589673597679225],[35.59052039448317,-0.603833754679217],[35.594731820483155,-0.629041273679266],[35.59711219148317,-0.644055922679231],[35.60053016048317,-0.658155043679246],[35.602544320483155,-0.660657484679237],[35.61108924248315,-0.672864515679239],[35.626286996483195,-0.681958754679217],[35.6362967614832,-0.691663343679241],[35.66211463248316,-0.680982191679223],[35.6694998864832,-0.663343031679235],[35.67749549248315,-0.658765394679224],[35.68250037548318,-0.645581800679227],[35.68591834348319,-0.639661390679239],[35.69092322648316,-0.609754164679262],[35.69330359748317,-0.602979261679254],[35.69989539448317,-0.595349867679263],[35.713323129483165,-0.570752699679249],[35.7117362144832,-0.554334242679263],[35.7293143394832,-0.541333754679217],[35.74731971148315,-0.531873304679268],[35.75073767948316,-0.532849867679263],[35.77429725048318,-0.537732679679268],[35.798894418483194,-0.457532484679237],[35.8277030114832,-0.473340589679256],[35.839543832483166,-0.473828871679248],[35.8486991054832,-0.501538832679219],[35.8543143394832,-0.50556715267925],[35.864934457483166,-0.512464125679233],[35.903508675483174,-0.543958265679239],[35.934697640483186,-0.554944593679241],[35.943913949483196,-0.555432875679233],[35.947515023483156,-0.558362562679238],[35.957097543483194,-0.578443129679217],[35.9627127774832,-0.589673597679225],[35.9815116054832,-0.633252699679249],[35.95154334348319,-0.666272718679241],[35.928899300483174,-0.646436293679246],[35.88812781648317,-0.637647230679252],[35.87891150748316,-0.650830824679249],[35.893743050483174,-0.64954908667926],[35.9241385584832,-0.688062269679224],[35.93109656648317,-0.696851332679219],[35.95068885148316,-0.71064527767925],[35.9627127774832,-0.701673109679237],[36.02289344148317,-0.672559339679256],[36.035710824483196,-0.67493971167926],[36.077336800483174,-0.65028150767927],[36.099492562483185,-0.666638929679268],[36.0999198084832,-0.670240004679217],[36.10492469148317,-0.680860121679248],[36.15051795348318,-0.713269789679262],[36.156316293483194,-0.728650648679266],[36.163945687483185,-0.746167738679221],[36.17273475048318,-0.753858168679246],[36.17969275748316,-0.757154066679223],[36.183293832483166,-0.759046156679235],[36.19214392948316,-0.765637953679234],[36.1851248864832,-0.777967054679268],[36.19153357848318,-0.78596266067922],[36.1863455894832,-0.80744703567922],[36.16150428148318,-0.834058363679221],[36.160710824483196,-0.842237074679249],[36.17151404648319,-0.87415846167926],[36.181890023483156,-0.892957289679262],[36.18573523848317,-0.900159437679238],[36.21893836348317,-0.929944593679241],[36.25049353948315,-0.91908033667926],[36.2593436364832,-0.916333754679274],[36.270696175483174,-0.926465589679256],[36.289311898483156,-0.959668714679256],[36.29810096148315,-0.97627027767925],[36.33374549248315,-1.042249281679235],[36.3552909024832,-1.056165297679231],[36.49390174248315,-1.121533949679249],[36.53333045348318,-1.151563246679248],[36.538945687483185,-1.150464613679221],[36.5457205894832,-1.126355726679267],[36.55853797248317,-1.111646254679274],[36.572331918483194,-1.099744398679266],[36.587102425483174,-1.072644789679262],[36.59192420348318,-1.061231214679256],[36.59131385148316,-1.052747328679234],[36.5886893394832,-1.043958265679239],[36.58911658648315,-1.038770277679251],[36.594304574483196,-1.015332777679251],[36.59570838248316,-1.007947523679266],[36.59729529648319,-0.997632582679219],[36.59833289448317,-0.993482191679223],[36.5908866054832,-0.983777601679267],[36.58752967148319,-0.97645338267927],[36.58594275748316,-0.959363539679262],[36.57434607848318,-0.944531996679248],[36.554936898483156,-0.926648695679264],[36.54492713248316,-0.908338148679266],[36.54773475048318,-0.899732191679223],[36.553716195483155,-0.862683851679267],[36.55310584348319,-0.855054457679219],[36.5601248864832,-0.838941175679227],[36.543523324483196,-0.775830824679249],[36.537724984483184,-0.75275953567922],[36.5366873864832,-0.749951918679246],[36.52148963248316,-0.710950453679234],[36.531499398483156,-0.671948988679221],[36.521916879483165,-0.653333265679239],[36.5178885584832,-0.633130629679217],[36.520085824483196,-0.626233656679235],[36.51190711348317,-0.615552504679217],[36.4636893394832,-0.621045668679246],[36.4561209804832,-0.605847914679262],[36.422307504483165,-0.573560316679223],[36.4050955894832,-0.564038832679219],[36.40369178148318,-0.547071058679253],[36.40210486748315,-0.529065687679238],[36.40588904648319,-0.52314527767925],[36.403508675483174,-0.508374769679224],[36.396733773483156,-0.486463148679266],[36.391728890483186,-0.466565687679238],[36.389104379483165,-0.464673597679225],[36.389287484483184,-0.449231703679234],[36.38611365648318,-0.427259047679231],[36.38031531648317,-0.416883070679264],[36.365300668483194,-0.393567640679239],[36.363896859483184,-0.390271742679263],[36.3433280114832,-0.385633070679264],[36.3233084804832,-0.387342054679268],[36.3154959804832,-0.386243422679231],[36.29370642948316,-0.373731214679256],[36.276494515483186,-0.392835218679241],[36.253118050483174,-0.342664320679264],[36.24609900748316,-0.347058851679267],[36.242742074483196,-0.345655043679246],[36.235539925483174,-0.344251234679237],[36.2261405114832,-0.34736402767925],[36.21729041448315,-0.307630140679239],[36.2136893394832,-0.271253187679238],[36.24548865648318,-0.25556715267925],[36.23828650748316,-0.230664808679253],[36.21252967148319,-0.192029554679268],[36.21094275748316,-0.184339125679233],[36.20154334348319,-0.136548597679225],[36.22009803148318,-0.113355238679221],[36.2283377774832,-0.114881117679263],[36.2490897304832,-0.102979261679254],[36.2569022304832,-0.026441175679227],[36.25848914448317,-0.016248304679268],[36.26068641048317,-0.00556715267925],[36.257146371483195,0.056017320320732]]]},"properties":{"OBJECTID":31,"ID_":2854,"COUNTY_NAM":"NAKURU","CONST_CODE":172,"CONSTITUEN":"SUBUKIA","COUNTY_COD":32,"Shape_Leng":6.33797592365,"Shape_Area":0.60725078911}},
{"type":"Feature","geometry":{"type":"Polygon","coordinates":[[[35.35053016048317,-0.974439222679225],[35.34729529648319,-0.973157484679237],[35.33533240648318,-0.977979261679254],[35.33252478948315,-0.984571058679253],[35.32153846148315,-0.988843519679224],[35.31531287548318,-0.996045668679246],[35.300115121483195,-1.004346449679249],[35.2913260584832,-1.010266859679237],[35.2822928554832,-1.014051039679262],[35.27728797248317,-1.019239027679251],[35.2703299644832,-1.023877699679249],[35.26630164448317,-1.022229750679233],[35.2593436364832,-1.026868422679231],[35.25671912548318,-1.029981214679256],[35.24890662548318,-1.034253675679227],[35.2459159024832,-1.036878187679238],[35.222905648483156,-1.021436293679247],[35.182927621483195,-0.989453871679248],[35.16370154648319,-0.973645765679239],[35.11914588248316,-0.936841566679223],[35.10950232848318,-0.928662855679252],[35.0999198084832,-0.920667250679233],[35.083318246483195,-0.906934339679256],[35.0134940274832,-0.89033277767925],[35.001286996483195,-0.893567640679239],[34.7503104334832,-0.956433851679267],[34.67749549248315,-0.97346266067922],[34.656499398483156,-0.968946058679253],[34.59070350048318,-1.018933851679267],[34.59351111748315,-1.044141371679248],[34.6011405114832,-1.058545668679247],[34.61853553148318,-1.077466566679223],[34.614934457483166,-1.089429457679219],[34.620122445483155,-1.097241957679219],[34.62714148848317,-1.119763929679268],[34.631108773483156,-1.13166578567922],[34.643743050483174,-1.168836195679264],[34.67133094148317,-1.199842054679268],[34.673528207483166,-1.211377699679249],[34.696294320483155,-1.252637464679256],[34.711492074483196,-1.308667738679221],[34.7315116054832,-1.389356214679256],[35.01752234748317,-1.550183851679267],[35.24731971148315,-1.682141859679237],[35.48413611748315,-1.813550550679227],[36.00092078548317,-2.105176527679252],[36.00073767948316,-2.094556410679221],[36.02728797248317,-2.084546644679225],[36.023137582483166,-2.041272718679242],[36.02490760148316,-2.024854261679256],[36.028508675483174,-2.01716383267922],[36.0366873864832,-2.006665785679221],[36.03870154648319,-1.980542738679221],[36.0379080894832,-1.972974379679274],[36.0413260584832,-1.960462172679231],[36.0379080894832,-1.949781019679224],[36.039311898483156,-1.930432875679233],[36.03729773848317,-1.919263441679223],[36.034307015483186,-1.919629652679251],[36.04150916448315,-1.912366468679241],[36.03992225048318,-1.907178480679252],[36.0322928554832,-1.902844984679237],[36.03729773848317,-1.887036879679274],[36.050115121483195,-1.874036390679239],[36.048894418483194,-1.865857679679268],[36.05029822648316,-1.858838636679254],[36.04834510148316,-1.850049574679249],[36.04334021848319,-1.831433851679267],[36.03973914448317,-1.824170668679247],[36.020513070483155,-1.807569105679252],[36.02551795348318,-1.79676588267927],[36.0281424644832,-1.78596266067922],[36.023686898483156,-1.779248793679247],[36.03210975048318,-1.76283033667926],[36.03333045348318,-1.754651625679233],[36.035710824483196,-1.745679457679219],[36.04193641048317,-1.737561781679235],[36.04633094148317,-1.732862074679249],[36.04773475048318,-1.719251234679237],[36.0479178554832,-1.705274183679253],[36.053716195483155,-1.707349379679274],[36.0623221524832,-1.699353773679266],[36.05591346148315,-1.678174574679249],[36.058293832483166,-1.670972425679227],[36.05432654648319,-1.666333754679274],[36.04834510148316,-1.650647718679241],[36.05908728948315,-1.625073988679221],[36.05432654648319,-1.618848402679251],[36.068913949483196,-1.605847914679262],[36.0733084804832,-1.593946058679253],[36.08569861748315,-1.570752699679249],[36.08374549248315,-1.558240492679263],[36.079289925483174,-1.550550062679238],[36.07294226948317,-1.536573011679254],[36.06732703548317,-1.52137525767927],[36.0623221524832,-1.509473402679251],[36.06049109748317,-1.501660902679251],[36.05731726948317,-1.484448988679221],[36.11853553148318,-1.420178968679241],[36.13293982848318,-1.404981214679256],[36.2183280114832,-1.315137464679256],[36.248113168483194,-1.283643324679249],[36.26953650748316,-1.260266859679237],[36.29114295348318,-1.236646254679274],[36.347539437483185,-1.164563734679237],[36.342900765483186,-1.115552504679274],[36.3377127774832,-1.063062269679224],[36.33374549248315,-1.042249281679235],[36.29810096148315,-0.97627027767925],[36.289311898483156,-0.959668714679256],[36.270696175483174,-0.926465589679256],[36.2593436364832,-0.916333754679274],[36.25049353948315,-0.91908033667926],[36.21893836348317,-0.929944593679241],[36.18573523848317,-0.900159437679238],[36.181890023483156,-0.892957289679262],[36.17151404648319,-0.87415846167926],[36.160710824483196,-0.842237074679249],[36.16150428148318,-0.834058363679221],[36.1863455894832,-0.80744703567922],[36.19153357848318,-0.78596266067922],[36.1851248864832,-0.777967054679268],[36.19214392948316,-0.765637953679234],[36.183293832483166,-0.759046156679235],[36.17969275748316,-0.757154066679223],[36.17273475048318,-0.753858168679246],[36.163945687483185,-0.746167738679221],[36.156316293483194,-0.728650648679266],[36.15051795348318,-0.713269789679262],[36.10492469148317,-0.680860121679248],[36.0999198084832,-0.670240004679217],[36.099492562483185,-0.666638929679268],[36.077336800483174,-0.65028150767927],[36.035710824483196,-0.67493971167926],[36.02289344148317,-0.672559339679256],[35.9627127774832,-0.701673109679237],[35.95068885148316,-0.71064527767925],[35.93109656648317,-0.696851332679219],[35.9241385584832,-0.688062269679224],[35.893743050483174,-0.64954908667926],[35.87891150748316,-0.650830824679249],[35.88812781648317,-0.637647230679252],[35.928899300483174,-0.646436293679246],[35.95154334348319,-0.666272718679241],[35.9815116054832,-0.633252699679249],[35.9627127774832,-0.589673597679225],[35.957097543483194,-0.578443129679217],[35.947515023483156,-0.558362562679238],[35.943913949483196,-0.555432875679233],[35.934697640483186,-0.554944593679241],[35.903508675483174,-0.543958265679239],[35.864934457483166,-0.512464125679233],[35.8543143394832,-0.50556715267925],[35.8486991054832,-0.501538832679219],[35.839543832483166,-0.473828871679248],[35.8277030114832,-0.473340589679256],[35.798894418483194,-0.457532484679237],[35.77429725048318,-0.537732679679268],[35.75073767948316,-0.532849867679263],[35.74731971148315,-0.531873304679268],[35.7293143394832,-0.541333754679217],[35.7117362144832,-0.554334242679263],[35.713323129483165,-0.570752699679249],[35.69989539448317,-0.595349867679263],[35.69330359748317,-0.602979261679254],[35.69092322648316,-0.609754164679262],[35.68591834348319,-0.639661390679239],[35.68250037548318,-0.645581800679227],[35.67749549248315,-0.658765394679224],[35.6694998864832,-0.663343031679235],[35.66211463248316,-0.680982191679223],[35.6362967614832,-0.691663343679241],[35.626286996483195,-0.681958754679217],[35.61108924248315,-0.672864515679239],[35.602544320483155,-0.660657484679237],[35.60053016048317,-0.658155043679246],[35.59711219148317,-0.644055922679231],[35.594731820483155,-0.629041273679266],[35.59052039448317,-0.603833754679217],[35.50531531648317,-0.613660414679262],[35.4937186364832,-0.617566664679262],[35.43573523848317,-0.634229261679254],[35.404912484483184,-0.643262464679256],[35.40173865648318,-0.655042250679233],[35.40430213248316,-0.662549574679249],[35.412724984483184,-0.684339125679233],[35.42310096148315,-0.711438734679237],[35.430303109483184,-0.723828871679248],[35.44031287548318,-0.731763441679223],[35.44409705448316,-0.734937269679224],[35.466496957483166,-0.752637464679256],[35.49213172248317,-0.768079359679237],[35.51953650748316,-0.775464613679221],[35.53070594148317,-0.777661879679217],[35.54248572648316,-0.783155043679246],[35.545537484483184,-0.785474379679217],[35.53870154648319,-0.799146254679274],[35.534490121483195,-0.803235609679237],[35.498113168483194,-0.82533033667926],[35.49573279648319,-0.828137953679234],[35.48291541448315,-0.838452894679224],[35.47974158648315,-0.849744398679266],[35.46771766048317,-0.864270765679239],[35.4617362144832,-0.87385328567922],[35.45850135148316,-0.876172621679248],[35.44672156648317,-0.884351332679219],[35.439519418483194,-0.896070082679219],[35.431706918483194,-0.897168714679256],[35.4260916834832,-0.911756117679263],[35.40833045348318,-0.949475843679241],[35.3941092614832,-0.958081800679227],[35.382512582483166,-0.961072523679266],[35.36932898848317,-0.974073011679254],[35.36328650748316,-0.971265394679224],[35.355718148483156,-0.969129164679262],[35.352117074483196,-0.971753675679227],[35.35053016048317,-0.974439222679225]],[[35.35053016048317,-0.974439222679225],[35.3511405114832,-0.978772718679241],[35.34833289448317,-0.976575453679234],[35.35053016048317,-0.974439222679225]]]},"properties":{"OBJECTID":32,"ID_":5181,"COUNTY_NAM":"NAROK","CONST_CODE":181,"CONSTITUEN":"NAROK SOUTH","COUNTY_COD":33,"Shape_Leng":6.68597072631,"Shape_Area":1.45350676401}},
{"type":"Feature","geometry":{"type":"Polygon","coordinates":[[[36.67554236748315,-1.330274183679253],[36.664128793483194,-1.319654066679223],[36.663945687483185,-1.31043775767927],[36.64911414448317,-1.300855238679221],[36.58594275748316,-1.28895338267927],[36.564336312483185,-1.284741957679219],[36.5003104334832,-1.272229750679233],[36.503118050483174,-1.255872328679234],[36.5225272304832,-1.209180433679253],[36.52710486748315,-1.194043714679256],[36.53333045348318,-1.151563246679248],[36.49390174248315,-1.121533949679249],[36.3552909024832,-1.056165297679231],[36.3377127774832,-1.063062269679224],[36.342900765483186,-1.115552504679274],[36.347539437483185,-1.164563734679237],[36.29114295348318,-1.236646254679274],[36.26953650748316,-1.260266859679237],[36.248113168483194,-1.283643324679249],[36.2183280114832,-1.315137464679256],[36.13293982848318,-1.404981214679256],[36.11853553148318,-1.420178968679241],[36.05731726948317,-1.484448988679221],[36.06049109748317,-1.501660902679251],[36.0623221524832,-1.509473402679251],[36.06732703548317,-1.52137525767927],[36.07294226948317,-1.536573011679254],[36.079289925483174,-1.550550062679238],[36.08374549248315,-1.558240492679263],[36.08569861748315,-1.570752699679249],[36.0733084804832,-1.593946058679253],[36.068913949483196,-1.605847914679262],[36.05432654648319,-1.618848402679251],[36.05908728948315,-1.625073988679221],[36.04834510148316,-1.650647718679241],[36.05432654648319,-1.666333754679274],[36.058293832483166,-1.670972425679227],[36.05591346148315,-1.678174574679249],[36.0623221524832,-1.699353773679266],[36.053716195483155,-1.707349379679274],[36.0479178554832,-1.705274183679253],[36.04773475048318,-1.719251234679237],[36.04633094148317,-1.732862074679249],[36.04193641048317,-1.737561781679235],[36.035710824483196,-1.745679457679219],[36.03333045348318,-1.754651625679233],[36.03210975048318,-1.76283033667926],[36.023686898483156,-1.779248793679247],[36.0281424644832,-1.78596266067922],[36.02551795348318,-1.79676588267927],[36.020513070483155,-1.807569105679252],[36.03973914448317,-1.824170668679247],[36.04334021848319,-1.831433851679267],[36.04834510148316,-1.850049574679249],[36.05029822648316,-1.858838636679254],[36.048894418483194,-1.865857679679268],[36.050115121483195,-1.874036390679239],[36.03729773848317,-1.887036879679274],[36.0322928554832,-1.902844984679237],[36.03992225048318,-1.907178480679252],[36.04150916448315,-1.912366468679241],[36.034307015483186,-1.919629652679251],[36.03729773848317,-1.919263441679223],[36.039311898483156,-1.930432875679233],[36.0379080894832,-1.949781019679224],[36.0413260584832,-1.960462172679231],[36.0379080894832,-1.972974379679274],[36.03870154648319,-1.980542738679221],[36.0366873864832,-2.006665785679221],[36.028508675483174,-2.01716383267922],[36.02490760148316,-2.024854261679256],[36.023137582483166,-2.041272718679242],[36.02728797248317,-2.084546644679225],[36.00073767948316,-2.094556410679221],[36.01050330448316,-2.112439711679262],[36.44373084348319,-2.356275160679221],[36.7027030114832,-2.503552992679264],[36.75092078548317,-2.527539808679254],[36.99768592148319,-2.666883070679265],[37.51209021848319,-2.95466383267922],[37.672490609483184,-3.061231214679257],[37.692693246483195,-3.177564222679226],[37.798711312483185,-3.173230726679268],[37.8054862144832,-3.170667250679234],[37.831731332483166,-3.186841566679224],[37.839910043483194,-3.188855726679268],[37.84412146848319,-3.187146742679264],[37.854497445483155,-3.145154554679269],[37.85474158648315,-3.089368422679232],[37.857305062483185,-3.081739027679252],[37.86609412548318,-3.081739027679252],[37.871526254483165,-3.07966383267922],[37.880925668483194,-3.002637464679257],[37.882146371483195,-2.995557386679256],[37.895085824483196,-2.888135511679256],[37.918523324483196,-2.870862562679239],[37.922490609483184,-2.851941664679263],[37.933293832483166,-2.798352797679232],[37.93109656648317,-2.765943129679275],[37.926946175483174,-2.743360121679249],[37.92969275748316,-2.739759047679232],[37.92914344148317,-2.720349867679264],[37.89429236748315,-2.680066664679263],[37.88513709348319,-2.668164808679254],[37.865117562483185,-2.632947523679267],[37.85370398848317,-2.611646254679275],[37.831914437483185,-2.585340101679268],[37.81091834348319,-2.560865004679275],[37.79431678148318,-2.541883070679265],[37.67273475048318,-2.401258070679265],[37.627934945483155,-2.35004957467925],[37.600896371483195,-2.312268812679239],[37.60809851948317,-2.30708082467925],[37.613530648483156,-2.300977308679254],[37.62354041448315,-2.306165297679232],[37.630742562483185,-2.303662855679253],[37.64252234748317,-2.299878675679228],[37.6707205894832,-2.288281996679249],[37.689702523483156,-2.217847425679228],[37.697515023483156,-2.208753187679239],[37.72070838248316,-2.193067152679252],[37.71912146848319,-2.188367445679265],[37.66553260148316,-2.157849867679264],[37.621526254483165,-2.163343031679236],[37.5955252774832,-2.156140882679271],[37.57489539448317,-2.140943129679275],[37.5523123864832,-2.129529554679269],[37.54388953548317,-2.116956312679239],[37.47650672248317,-2.093274672679232],[37.455327523483156,-2.076856214679257],[37.38232947648316,-2.02497633267922],[37.365300668483194,-2.024243910679221],[37.36273719148317,-2.014966566679224],[37.29773475048318,-2.004529554679269],[37.279912484483184,-1.993177015679239],[37.27893592148319,-1.989331800679227],[37.276494515483186,-1.977979261679254],[37.27490760148316,-1.975171644679224],[37.265691293483194,-1.960767347679225],[37.22412635148316,-1.934583265679239],[37.20990516048317,-1.934644300679227],[37.183293832483166,-1.930677015679239],[37.17712928148318,-1.922559339679256],[37.161138070483155,-1.877576429679268],[37.163091195483155,-1.859876234679237],[37.152898324483196,-1.84486158667926],[37.146733773483156,-1.836255629679274],[37.15210486748315,-1.797559339679256],[37.15674353948315,-1.789258558679253],[37.15869666448315,-1.786145765679239],[37.152898324483196,-1.777539808679253],[37.15173865648318,-1.763135511679254],[37.148137582483166,-1.752454359679237],[37.14929725048318,-1.747571547679231],[37.14252234748317,-1.738050062679238],[37.124700082483166,-1.74207838267927],[37.117742074483196,-1.738965589679256],[37.076726449483196,-1.688184339679256],[37.04968787548318,-1.651868422679231],[36.98474646848319,-1.565930922679231],[36.967900765483186,-1.556165297679231],[36.9636893394832,-1.552930433679253],[36.9573416834832,-1.538343031679235],[36.9639334804832,-1.517957289679262],[36.96692420348318,-1.510083754679274],[36.974309457483166,-1.50184400767927],[36.97333289448317,-1.487683851679267],[36.94812537548318,-1.461682875679233],[36.94470740648318,-1.455274183679253],[36.93372107848318,-1.457166273679266],[36.923894418483194,-1.459180433679253],[36.91791297248317,-1.464978773679266],[36.91492225048318,-1.466748793679247],[36.90692664448317,-1.471936781679235],[36.89648963248316,-1.479749281679235],[36.8928885584832,-1.482068617679263],[36.87891150748316,-1.477979261679254],[36.88470984748317,-1.445935804679268],[36.890691293483194,-1.413770277679251],[36.8299002774832,-1.387647230679252],[36.8198905114832,-1.381543714679256],[36.7869315274832,-1.38783033667926],[36.76068641048317,-1.385083754679274],[36.75049353948315,-1.384534437679238],[36.734929574483196,-1.378430922679231],[36.71893836348317,-1.36634596167926],[36.709538949483196,-1.358167250679233],[36.7027030114832,-1.352246839679256],[36.689885629483165,-1.347669203679234],[36.686528695483155,-1.339978773679266],[36.67554236748315,-1.330274183679253]]]},"properties":{"OBJECTID":33,"ID_":6202,"COUNTY_NAM":"KAJIADO","CONST_CODE":184,"CONSTITUEN":"KAJIADO CENTRAL","COUNTY_COD":34,"Shape_Leng":7.16441555269,"Shape_Area":1.77912132642}},
{"type":"Feature","geometry":{"type":"Polygon","coordinates":[[[37.487309945483155,-1.517957289679262],[37.47992469148317,-1.518750746679248],[37.455693734483184,-1.524060804679268],[37.45349646848319,-1.525952894679224],[37.4363455894832,-1.533765394679224],[37.4241385584832,-1.532849867679263],[37.40033484748317,-1.522962172679231],[37.39252234748317,-1.523267347679225],[37.370122445483155,-1.532239515679239],[37.354497445483155,-1.548657972679225],[37.34729529648319,-1.553662855679252],[37.34070350048318,-1.557080824679249],[37.338506234483184,-1.566846449679249],[37.34833289448317,-1.578565199679249],[37.35632850048318,-1.586072523679266],[37.37250281648317,-1.61018141067922],[37.3765311364832,-1.621350843679241],[37.37854529648319,-1.626172621679248],[37.38348914448317,-1.638379652679251],[37.393743050483174,-1.655042250679233],[37.406133187483185,-1.678662855679252],[37.40869666448315,-1.692273695679264],[37.38812781648317,-1.700879652679251],[37.3797049644832,-1.70496900767927],[37.36572791448315,-1.706433851679267],[37.34851600048318,-1.706555922679231],[37.3386893394832,-1.703565199679249],[37.321294320483155,-1.703382093679241],[37.30310584348319,-1.707959730679252],[37.28992225048318,-1.700879652679251],[37.254521859483184,-1.640576918679247],[37.253118050483174,-1.628430922679231],[37.245122445483155,-1.594373304679268],[37.232488168483194,-1.591382582679219],[37.17572547248317,-1.619336683679253],[37.192510140483186,-1.655164320679264],[37.197331918483194,-1.722364027679251],[37.18689490648318,-1.737378675679227],[37.1663260584832,-1.763379652679251],[37.15869666448315,-1.786145765679239],[37.15674353948315,-1.789258558679253],[37.15210486748315,-1.797559339679256],[37.146733773483156,-1.836255629679274],[37.152898324483196,-1.84486158667926],[37.163091195483155,-1.859876234679237],[37.161138070483155,-1.877576429679268],[37.17712928148318,-1.922559339679256],[37.183293832483166,-1.930677015679239],[37.20990516048317,-1.934644300679227],[37.22412635148316,-1.934583265679239],[37.265691293483194,-1.960767347679225],[37.27490760148316,-1.975171644679224],[37.276494515483186,-1.977979261679254],[37.27893592148319,-1.989331800679227],[37.279912484483184,-1.993177015679239],[37.29773475048318,-2.004529554679269],[37.36273719148317,-2.014966566679224],[37.365300668483194,-2.024243910679221],[37.38232947648316,-2.02497633267922],[37.455327523483156,-2.076856214679257],[37.47650672248317,-2.093274672679232],[37.54388953548317,-2.116956312679239],[37.5523123864832,-2.129529554679269],[37.57489539448317,-2.140943129679275],[37.5955252774832,-2.156140882679271],[37.621526254483165,-2.163343031679236],[37.66553260148316,-2.157849867679264],[37.71912146848319,-2.188367445679265],[37.72070838248316,-2.193067152679252],[37.697515023483156,-2.208753187679239],[37.689702523483156,-2.217847425679228],[37.6707205894832,-2.288281996679249],[37.64252234748317,-2.299878675679228],[37.630742562483185,-2.303662855679253],[37.62354041448315,-2.306165297679232],[37.613530648483156,-2.300977308679254],[37.60809851948317,-2.30708082467925],[37.600896371483195,-2.312268812679239],[37.627934945483155,-2.35004957467925],[37.67273475048318,-2.401258070679265],[37.79431678148318,-2.541883070679265],[37.81091834348319,-2.560865004679275],[37.831914437483185,-2.585340101679268],[37.85370398848317,-2.611646254679275],[37.865117562483185,-2.632947523679267],[37.88513709348319,-2.668164808679254],[37.89429236748315,-2.680066664679263],[37.92914344148317,-2.720349867679264],[37.92969275748316,-2.739759047679232],[37.926946175483174,-2.743360121679249],[37.93109656648317,-2.765943129679275],[37.949101937483185,-2.777967054679269],[37.97510291448315,-2.789868910679221],[38.1065116054832,-2.719434339679257],[38.127934945483155,-2.701428968679242],[38.131108773483156,-2.700269300679228],[38.14734412548318,-2.701245863679223],[38.15131141048317,-2.701062757679271],[38.158086312483185,-2.69294508267922],[38.163091195483155,-2.695447523679267],[38.170903695483155,-2.69825514067924],[38.2158866054832,-2.72755201567924],[38.22553016048317,-2.734448988679223],[38.24170447648316,-2.745862562679239],[38.2581229334832,-2.759778578679235],[38.38611365648318,-2.923047621679249],[38.397099984483184,-2.929456312679239],[38.4050955894832,-2.92817457467925],[38.41351844148317,-2.934766371679249],[38.433293832483166,-2.960645277679252],[38.45154334348319,-2.979138929679269],[38.506108773483156,-2.985059339679257],[38.515508187483185,-2.974256117679264],[38.5115409024832,-2.968274672679232],[38.47992469148317,-2.939466078679235],[38.454289925483174,-2.888562757679271],[38.443913949483196,-2.879163343679242],[38.43750525748316,-2.857984144679225],[38.431890023483156,-2.844556410679221],[38.42151404648319,-2.762830336679262],[38.414128793483194,-2.751844007679271],[38.40710975048318,-2.733167250679234],[38.396733773483156,-2.70747144967925],[38.38232947648316,-2.670667250679234],[38.33612586348317,-2.574842054679269],[38.33350135148316,-2.567761976679268],[38.33270789448317,-2.56403883267922],[38.33594275748316,-2.555554945679265],[38.32953406648317,-2.552136976679268],[38.322515023483156,-2.542066175679228],[38.321294320483155,-2.534864027679252],[38.32190467148319,-2.531629164679263],[38.28992225048318,-2.486463148679267],[38.28552771848319,-2.466870863679223],[38.27094031648317,-2.424573500679234],[38.26172400748316,-2.42286451567924],[38.254338754483165,-2.423169691679224],[38.25092078548317,-2.42146070767922],[38.24390174248315,-2.413831312679239],[38.23950721148321,-2.412183363679223],[38.2359061364832,-2.410352308679254],[38.233525765483186,-2.405652601679268],[38.2302909024832,-2.403272230679253],[38.22528601948317,-2.402478773679267],[38.222539437483185,-2.399854261679256],[38.21948767948316,-2.388074476679268],[38.21912146848319,-2.384046156679236],[38.21771766148316,-2.38075025967925],[38.21094275748316,-2.357678968679242],[38.18713904648319,-2.34138258267922],[38.164495004483165,-2.335767347679226],[38.13153601948317,-2.323865492679264],[38.1240897304832,-2.320935804679269],[38.11572791448315,-2.305066664679263],[38.11011267948316,-2.302075941679224],[38.11108924248315,-2.293836195679265],[38.08630896848319,-2.268140394679225],[38.072331918483194,-2.240979750679234],[38.06812049248315,-2.219251234679238],[38.066106332483166,-2.214063246679249],[38.06030799248315,-2.207959730679253],[38.051946175483174,-2.186231214679257],[38.0491385584832,-2.181958754679275],[38.048894418483194,-2.170972425679228],[38.01050330448316,-2.153943617679264],[37.977727425483174,-2.164868910679221],[37.96533728948315,-2.163831312679239],[37.964543832483166,-2.153577406679236],[37.95789100048318,-2.114453871679249],[37.9605155114832,-2.082959730679253],[37.955144418483194,-2.058972914679263],[37.9461112144832,-2.039380629679275],[37.94214392948316,-2.032849867679264],[37.930303109483184,-1.998670179679268],[37.91834021848319,-1.965467054679268],[37.9116873864832,-1.92493971167926],[37.91211463248316,-1.92176588267927],[37.914128793483194,-1.904553968679241],[37.909490121483195,-1.905835707679219],[37.90033484748317,-1.863477308679253],[37.8897147304832,-1.861157972679225],[37.88831092148319,-1.846265394679224],[37.8909354334832,-1.838147718679241],[37.879521859483184,-1.831739027679251],[37.85193396848319,-1.801953871679248],[37.844914925483174,-1.792066175679227],[37.84351111748315,-1.788281996679248],[37.84033728948315,-1.774365980679252],[37.84692908648315,-1.769177992679263],[37.84589148848317,-1.722364027679251],[37.82190467148319,-1.683179457679219],[37.78534461348317,-1.613965589679256],[37.77771521848319,-1.59846266067922],[37.766728890483186,-1.58387525767927],[37.75732947648316,-1.571179945679264],[37.75073767948316,-1.570752699679249],[37.74414588248316,-1.572949964679256],[37.72510291448315,-1.606763441679223],[37.72211219148317,-1.609448988679221],[37.703740609483184,-1.588880140679239],[37.689702523483156,-1.589551527679251],[37.6863455894832,-1.592542250679233],[37.6882987144832,-1.61604078567922],[37.68311072648316,-1.625562269679224],[37.665898812483185,-1.645764906679235],[37.65710975048318,-1.63856275767927],[37.65588904648319,-1.633252699679249],[37.645085824483196,-1.615979750679233],[37.64349891048317,-1.606946547679231],[37.64349891048317,-1.600537855679252],[37.632512582483166,-1.591748793679247],[37.62231971148315,-1.580030043679247],[37.614934457483166,-1.566663343679241],[37.6077323084832,-1.56434400767927],[37.5955252774832,-1.556043226679267],[37.58270789448317,-1.563977797679231],[37.57654334348319,-1.560742933679253],[37.564336312483185,-1.561780531679235],[37.557927621483195,-1.557141859679237],[37.5523123864832,-1.550855238679221],[37.551335824483196,-1.547254164679262],[37.548528207483166,-1.539136488679221],[37.51892615648318,-1.533582289679262],[37.5093436364832,-1.529431898679266],[37.50513221148315,-1.529431898679266],[37.49414588248316,-1.522046644679224],[37.487309945483155,-1.517957289679262]]]},"properties":{"OBJECTID":34,"ID_":6213,"COUNTY_NAM":"MAKUENI","CONST_CODE":87,"CONSTITUEN":"KIBWEZI WEST","COUNTY_COD":17,"Shape_Leng":5.74677892114,"Shape_Area":0.66459009423}},
{"type":"Feature","geometry":{"type":"Polygon","coordinates":[[[35.522099984483184,0.013475816320747],[35.44550086348317,0.024828355320776],[35.43890906648317,0.017626206320754],[35.42932654648319,0.01182786732073],[35.4050955894832,-0.023633558679253],[35.42011023848317,-0.080335218679241],[35.390508187483185,-0.097669203679234],[35.37250281648317,-0.109754164679262],[35.340093148483156,-0.108045179679268],[35.308293832483166,-0.085950453679234],[35.27612830448316,-0.099683363679221],[35.23608924248315,-0.105237562679238],[35.229131234483184,-0.112256605679252],[35.233525765483186,-0.117566664679262],[35.24609900748316,-0.120740492679263],[35.26050330448316,-0.132459242679263],[35.28729773848317,-0.16004713267927],[35.2966971524832,-0.176465589679256],[35.33130408648315,-0.177136976679267],[35.334538949483196,-0.202466566679223],[35.33612586348317,-0.242749769679224],[35.30591346148315,-0.240430433679253],[35.2835135584832,-0.238050062679238],[35.26294471148315,-0.232434828679234],[35.26190711348317,-0.229749281679235],[35.26068641048317,-0.223279554679268],[35.25793982848318,-0.221875746679248],[35.245305550483174,-0.204053480679252],[35.227727425483174,-0.19697340267925],[35.21552039448317,-0.175366957679219],[35.189885629483165,-0.162366468679241],[35.178716195483155,-0.165052015679239],[35.1707205894832,-0.16395338267927],[35.157536996483195,-0.166333754679217],[35.14929725048318,-0.163343031679235],[35.126286996483195,-0.160535414679262],[35.11810828548317,-0.176343519679224],[35.10388709348319,-0.201856214679256],[35.073918832483166,-0.209363539679262],[35.064702523483156,-0.217237074679249],[35.06189490648318,-0.224439222679225],[35.0589041834832,-0.234632093679241],[35.05713416448315,-0.254773695679264],[35.0557303554832,-0.26356275767927],[35.05292273848317,-0.278577406679235],[35.0523123864832,-0.287244398679266],[35.051946175483174,-0.291455824679249],[35.04950476948317,-0.300244886679254],[35.042302621483195,-0.30775221167926],[35.02551795348318,-0.323255140679239],[35.01050330448316,-0.331433851679267],[35.006108773483156,-0.354566175679227],[35.007146371483195,-0.37293775767927],[35.010320199483196,-0.386548597679225],[35.0178885584832,-0.397473890679239],[35.02112342148319,-0.410230238679221],[35.039495004483165,-0.435376722679225],[35.04272986748315,-0.459546644679224],[35.04334021848319,-0.463636000679233],[35.0413260584832,-0.478040297679231],[35.034490121483195,-0.487744886679254],[35.05310584348319,-0.516675550679227],[35.0510916834832,-0.527844984679237],[35.05310584348319,-0.535535414679262],[35.050115121483195,-0.538648207679219],[35.057744515483186,-0.619763929679268],[35.06714392948316,-0.612073500679233],[35.07349158648315,-0.599866468679241],[35.086492074483196,-0.60926588267927],[35.08490516048317,-0.617261488679221],[35.097722543483194,-0.658032972679225],[35.10632850048318,-0.657971937679238],[35.131108773483156,-0.661939222679225],[35.13452674248315,-0.660474379679217],[35.141911996483195,-0.66096266067922],[35.15051795348318,-0.660474379679217],[35.164128793483194,-0.657666761679254],[35.17749549248315,-0.657361585679271],[35.1795096524832,-0.654431898679266],[35.19794226948317,-0.642835218679241],[35.20752478948315,-0.632947523679266],[35.229131234483184,-0.612744886679254],[35.22888709348319,-0.608472425679227],[35.23474646848319,-0.592542250679233],[35.203740609483184,-0.566052992679263],[35.20209266048317,-0.555371839679256],[35.205327523483156,-0.553357679679268],[35.1885428554832,-0.50556715267925],[35.18433142948316,-0.504468519679224],[35.1785330894832,-0.495862562679238],[35.2139334804832,-0.470532972679225],[35.21893836348317,-0.455457289679262],[35.21869422248317,-0.452466566679223],[35.2293143394832,-0.435071547679231],[35.2515311364832,-0.421460707679219],[35.2612967614832,-0.424878675679227],[35.2647147304832,-0.424146254679217],[35.27710486748315,-0.41877516067922],[35.30090857848318,-0.426465589679256],[35.28552771848319,-0.491834242679263],[35.311711800483174,-0.505261976679267],[35.370305550483174,-0.484937269679224],[35.37689734748317,-0.481458265679239],[35.40991736748315,-0.460950453679234],[35.4285330894832,-0.456250746679248],[35.43530799248315,-0.443372328679234],[35.4363455894832,-0.43934400767927],[35.440740121483195,-0.434156019679224],[35.44348670348318,-0.430432875679233],[35.45349646848319,-0.42493971167926],[35.455144418483194,-0.42176588267927],[35.46948767948316,-0.405347425679227],[35.47229529648319,-0.39814527767925],[35.45313025748316,-0.366529066679223],[35.447698129483165,-0.357984144679224],[35.44012976948317,-0.345349867679263],[35.4304862144832,-0.329846937679238],[35.41669226948317,-0.306775648679266],[35.450322640483186,-0.290357191679223],[35.45874549248315,-0.286328871679248],[35.477544320483155,-0.277967054679268],[35.48828650748316,-0.275769789679262],[35.52710486748315,-0.268262464679256],[35.55951453548317,-0.27424391067922],[35.5698905114832,-0.304761488679221],[35.58569861748315,-0.293164808679253],[35.602544320483155,-0.285230238679221],[35.611943734483184,-0.29017408667926],[35.654546273483156,-0.251966078679234],[35.65692664448317,-0.242566664679262],[35.66669226948317,-0.185681898679266],[35.66748572648316,-0.163465101679267],[35.65173865648318,-0.15595777767925],[35.63831092148319,-0.151563246679248],[35.61169959348319,-0.159070570679264],[35.60474158648315,-0.15205152767925],[35.60168982848318,-0.14533766067922],[35.60193396848319,-0.13783033667926],[35.6174979334832,-0.088880140679239],[35.62671424248315,-0.078748304679268],[35.640691293483194,-0.061536390679239],[35.6375174644832,-0.05457838267927],[35.633916390483186,-0.036328871679248],[35.628118050483174,-0.034680922679231],[35.58533240648318,-0.008435804679268],[35.5523123864832,-0.008557875679233],[35.5369315274832,-0.000379164679262],[35.522099984483184,0.013475816320747]]]},"properties":{"OBJECTID":35,"ID_":3434,"COUNTY_NAM":"KERICHO","CONST_CODE":192,"CONSTITUEN":"BELGUT","COUNTY_COD":35,"Shape_Leng":3.4293911554,"Shape_Area":0.20964797953}},
{"type":"Feature","geometry":{"type":"Polygon","coordinates":[[[35.05609656648317,0.898241441320747],[35.04810096148315,0.899034898320733],[35.04492713248316,0.900255601320734],[35.039311898483156,0.896471421320766],[35.020513070483155,0.889269273320733],[35.01953650748316,0.880419175320751],[35.015508187483185,0.864855210320738],[35.016728890483186,0.857469956320754],[35.0303397304832,0.822618882320737],[35.036138070483155,0.820055406320759],[35.047490609483184,0.809069077320769],[35.062932504483165,0.795641343320765],[35.06592322648316,0.783617417320781],[35.06592322648316,0.775438706320754],[35.06653357848318,0.771227281320759],[35.03711463248316,0.747423570320732],[35.0125174644832,0.751818101320734],[35.006291879483165,0.744860093320765],[34.99432898848317,0.744615952320769],[34.96631385148316,0.751024644320748],[34.94672156648317,0.747057359320761],[34.9429373864832,0.742662827320769],[34.923711312483185,0.727465074320773],[34.926335824483196,0.716417710320738],[34.92969275748316,0.709032456320754],[34.91229773848317,0.687853257320737],[34.89612342148319,0.686815660320744],[34.882695687483185,0.682238023320733],[34.86713172248317,0.681261460320738],[34.8577323084832,0.672472398320733],[34.84570838248316,0.66685716332074],[34.8421073084832,0.660631577320769],[34.8408866054832,0.657274644320748],[34.83789588248316,0.648058335320738],[34.83569861748315,0.638842027320775],[34.814885629483165,0.613634507320737],[34.81213904648319,0.608873765320763],[34.806890023483156,0.590868394320748],[34.80249549248315,0.585436265320763],[34.78052283648315,0.573046128320752],[34.77148963248316,0.563829820320732],[34.76654578548317,0.562853257320737],[34.753118050483174,0.539415757320737],[34.74854041448315,0.534838120320783],[34.7459159024832,0.536058824320773],[34.72852088248316,0.51182786732073],[34.721318734483184,0.507250230320776],[34.69812537548318,0.502428452320769],[34.68433142948316,0.483446519320748],[34.67914344148317,0.474840562320762],[34.672124398483156,0.465868394320748],[34.66992713248316,0.463243882320737],[34.664495004483165,0.458666245320783],[34.64929725048318,0.452623765320763],[34.633916390483186,0.451219956320754],[34.631291879483165,0.45427171432078],[34.62390662548318,0.458238999320767],[34.6174979334832,0.452867906320759],[34.61151648848317,0.444261949320773],[34.60913611748315,0.44645921432078],[34.602117074483196,0.447435777320775],[34.59229041448315,0.440660874320767],[34.581914437483185,0.430040757320737],[34.5811209804832,0.44346849232073],[34.57172156648317,0.456468980320776],[34.564702523483156,0.456468980320776],[34.539495004483165,0.460863511320779],[34.52771521848319,0.44542161732073],[34.51770545348318,0.448229234320761],[34.50952674248315,0.455431382320737],[34.49573279648319,0.457628648320733],[34.4893241054832,0.475634019320748],[34.487493050483174,0.47966233932078],[34.46869422248317,0.474230210320738],[34.442693246483195,0.463060777320775],[34.436711800483174,0.461473863320746],[34.39911414448317,0.469835679320736],[34.367742074483196,0.451647202320769],[34.366521371483195,0.447069566320747],[34.36292029648319,0.437242906320759],[34.35193396848319,0.428636949320773],[34.35193396848319,0.415026109320761],[34.36792517948316,0.401842515320763],[34.37891150748316,0.403063218320765],[34.389287484483184,0.395067613320746],[34.40912391048317,0.382860581320754],[34.41748572648316,0.36607591332074],[34.41492225048318,0.364855210320738],[34.38513709348319,0.337816636320779],[34.38470984748317,0.330431382320737],[34.3843436364832,0.327440660320744],[34.38373328548317,0.319017808320777],[34.38293982848318,0.316271226320734],[34.38348914448317,0.297472398320733],[34.395513070483155,0.283434312320762],[34.390508187483185,0.269274156320759],[34.399724496483195,0.261217515320763],[34.39929725048318,0.234850327320769],[34.38489295348318,0.226427476320734],[34.3862967614832,0.223070542320781],[34.39111853948315,0.214464585320738],[34.391911996483195,0.20787278832074],[34.39111853948315,0.191271226320734],[34.389287484483184,0.188036363320746],[34.4119315274832,0.19645921432078],[34.41473914448317,0.198839585320738],[34.430303109483184,0.176866929320736],[34.43494178148318,0.154222886320779],[34.430303109483184,0.145861070320732],[34.44312049248315,0.145616929320736],[34.45251990648318,0.150865952320769],[34.474309457483166,0.154467027320775],[34.47730017948316,0.153246324320773],[34.484929574483196,0.138842027320775],[34.480718148483156,0.135240952320769],[34.472722543483194,0.129076402320775],[34.465093148483156,0.127855699320773],[34.45770789448317,0.124254624320767],[34.46429969148317,0.120470445320732],[34.46851111748315,0.118639390320763],[34.47693396848319,0.115831773320733],[34.47510291448315,0.102465074320773],[34.50012732848318,0.110033433320777],[34.50189734748317,0.115648667320781],[34.50092078548317,0.122850816320747],[34.521916879483165,0.123033921320766],[34.529912484483184,0.125231187320762],[34.53333045348318,0.132433335320738],[34.54150916448315,0.136217515320763],[34.5491385584832,0.130663316320747],[34.55273963248316,0.120226304320736],[34.55249549248315,0.110033433320777],[34.556890023483156,0.093248765320763],[34.58612586348317,0.108873765320763],[34.633916390483186,0.126451890320763],[34.652898324483196,0.125231187320762],[34.65692664448317,0.125048081320754],[34.66791297248317,0.126024644320748],[34.804936898483156,0.159838120320783],[34.80811072648316,0.154039781320759],[34.82611609748317,0.185045640320763],[34.844914925483174,0.181444566320747],[34.85474158648315,0.189623277320775],[34.8718924644832,0.195665757320737],[34.89130164448317,0.203844468320765],[34.90674353948315,0.194872300320751],[34.91052771848319,0.194017808320777],[34.9207205894832,0.198656480320776],[34.92749549248315,0.200853745320783],[34.9404959804832,0.206835191320747],[34.94873572648316,0.218676011320779],[34.95313025748316,0.229418199320773],[34.96234656648317,0.238634507320737],[34.97412635148316,0.23942796432078],[34.9736991054832,0.25505296432078],[34.969914925483174,0.264025132320737],[34.95313025748316,0.297838609320761],[34.94232703548317,0.324816148320733],[34.941289437483185,0.333422105320776],[34.94409705448316,0.354845445320732],[34.94934607848318,0.35185472232075],[34.955510629483165,0.368456285320744],[34.956731332483166,0.414843003320752],[34.94989539448317,0.429247300320751],[34.94409705448316,0.440233628320752],[34.9385428554832,0.450426499320767],[34.92450476948317,0.474840562320762],[34.91010047248317,0.488451402320775],[34.90869666448315,0.493639390320763],[34.904546273483156,0.506456773320733],[34.8843436364832,0.522020738320746],[34.87549353948315,0.527269761320779],[34.857305062483185,0.54185716332074],[34.89771033648315,0.598070542320781],[34.89130164448317,0.605638902320775],[34.908086312483185,0.594469468320765],[34.924932015483186,0.593248765320763],[34.9451346524832,0.606676499320767],[34.9671073084832,0.60966722232075],[34.96912146848319,0.612047593320765],[34.97351600048318,0.616625230320776],[34.97730017948316,0.62224046432078],[34.99854041448315,0.634020249320767],[35.031499398483156,0.615221421320766],[35.040898812483185,0.631456773320733],[35.044133675483174,0.636461656320759],[35.053288949483196,0.634447495320783],[35.0698905114832,0.629076402320775],[35.10352088248316,0.64464036732073],[35.11011267948316,0.642015855320776],[35.1221366054832,0.649645249320767],[35.1331229334832,0.653673570320732],[35.15271521848319,0.667650620320783],[35.15588904648319,0.682665269320748],[35.1550955894832,0.73942796432078],[35.151494515483186,0.738817613320746],[35.14490271848319,0.746874253320752],[35.14392615648318,0.826830308320777],[35.1174979334832,0.847460191320747],[35.11670447648316,0.850634019320748],[35.081914437483185,0.888842027320775],[35.05609656648317,0.898241441320747]]]},"properties":{"OBJECTID":36,"ID_":1819,"COUNTY_NAM":"KAKAMEGA","CONST_CODE":209,"CONSTITUEN":"SHINYALU","COUNTY_COD":37,"Shape_Leng":3.81209259444,"Shape_Area":0.24446094982}},
{"type":"Feature","geometry":{"type":"Polygon","coordinates":[[[34.90674353948315,0.194872300320751],[34.89130164448317,0.203844468320765],[34.8718924644832,0.195665757320737],[34.85474158648315,0.189623277320775],[34.844914925483174,0.181444566320747],[34.82611609748317,0.185045640320763],[34.80811072648316,0.154039781320759],[34.804936898483156,0.159838120320783],[34.66791297248317,0.126024644320748],[34.65692664448317,0.125048081320754],[34.652898324483196,0.125231187320762],[34.633916390483186,0.126451890320763],[34.58612586348317,0.108873765320763],[34.558293832483166,0.075426499320767],[34.55933142948316,0.049852769320748],[34.550115121483195,0.030870835320738],[34.55054236748315,0.023668687320762],[34.546086800483174,0.014635484320761],[34.54370642948316,0.007250230320776],[34.53992225048318,0.00505296432078],[34.53711463248316,-0.000562269679224],[34.536138070483155,-0.018079359679237],[34.5491385584832,-0.023877699679249],[34.56213904648319,-0.03095777767925],[34.56268836348317,-0.037976820679264],[34.57373572648316,-0.039258558679253],[34.589543832483166,-0.01356275767927],[34.59229041448315,-0.007459242679263],[34.613530648483156,-0.000379164679262],[34.6209159024832,0.000475327320769],[34.64130164448317,-0.003369886679254],[34.652898324483196,-0.007337172679231],[34.672307504483165,-0.015943129679217],[34.686101449483196,-0.012281019679224],[34.68909217148319,-0.011548597679225],[34.696294320483155,-0.02064283667926],[34.7136893394832,-0.015637953679234],[34.717900765483186,-0.009229261679254],[34.73291541448315,-0.013257582679219],[34.73950721148315,-0.024182875679233],[34.748296273483156,-0.018262464679256],[34.741521371483195,-0.005384047679231],[34.74170447648316,0.003221910320744],[34.754888070483155,0.008226792320781],[34.76068641048317,0.005419175320751],[34.77490760148316,0.003221910320744],[34.7791190274832,0.005419175320751],[34.784307015483186,0.011644761320779],[34.794133675483174,0.01982347232075],[34.807927621483195,0.020861070320732],[34.80951453548317,0.026476304320736],[34.811711800483174,0.028429429320736],[34.836919320483155,0.03044358932078],[34.84070350048318,0.045275132320737],[34.847905648483156,0.055468003320752],[34.84912635148316,0.066271226320734],[34.86011267948316,0.081468980320776],[34.85791541448315,0.109850327320769],[34.8699393394832,0.12706224232073],[34.8740897304832,0.131822984320761],[34.888738168483194,0.14464036732073],[34.89349891048317,0.147020738320746],[34.90112830448316,0.151049058320777],[34.914495004483165,0.154039781320759],[34.91669226948317,0.157030503320752],[34.917302621483195,0.170458238320746],[34.923894418483194,0.189073960320738],[34.92554236748315,0.19365159732075],[34.9207205894832,0.198656480320776],[34.91052771848319,0.194017808320777],[34.90674353948315,0.194872300320751]]]},"properties":{"OBJECTID":37,"ID_":2515,"COUNTY_NAM":"VIHIGA","CONST_CODE":213,"CONSTITUEN":"HAMISI","COUNTY_COD":38,"Shape_Leng":1.24925510587,"Shape_Area":0.04549045865}},
{"type":"Feature","geometry":{"type":"Polygon","coordinates":[[[34.629521859483184,1.093431870320783],[34.61151648848317,1.108019273320733],[34.60388709348319,1.116625230320776],[34.5867362144832,1.139269273320733],[34.5777030114832,1.102831285320744],[34.53088904648319,1.103441636320779],[34.49310828548317,1.036669175320751],[34.4793143394832,0.936022202320769],[34.44214392948316,0.855638902320775],[34.365300668483194,0.773058335320738],[34.377507699483196,0.771044175320751],[34.38232947648316,0.771654527320775],[34.3884940274832,0.764269273320733],[34.409490121483195,0.758043687320762],[34.421086800483174,0.757067124320767],[34.4273123864832,0.753221910320744],[34.4085135584832,0.724474351320734],[34.40570594148317,0.719835679320736],[34.40912391048317,0.712267320320732],[34.415898812483185,0.687426011320779],[34.413091195483155,0.669847886320779],[34.41473914448317,0.655870835320738],[34.39209510148316,0.644274156320759],[34.388921273483156,0.643663804320736],[34.3843436364832,0.632067124320767],[34.382512582483166,0.628038804320736],[34.371343148483156,0.596056382320737],[34.37714148848317,0.576219956320754],[34.374700082483166,0.552050035320744],[34.380742562483185,0.545458238320746],[34.39349891048317,0.532457749320767],[34.40833045348318,0.507616441320747],[34.400090707483166,0.497667710320738],[34.395085824483196,0.497423570320732],[34.385930550483174,0.490038316320747],[34.38550330448316,0.486254136320779],[34.39911414448317,0.469835679320736],[34.436711800483174,0.461473863320746],[34.442693246483195,0.463060777320775],[34.46869422248317,0.474230210320738],[34.487493050483174,0.47966233932078],[34.4893241054832,0.475634019320748],[34.49573279648319,0.457628648320733],[34.50952674248315,0.455431382320737],[34.51770545348318,0.448229234320761],[34.52771521848319,0.44542161732073],[34.539495004483165,0.460863511320779],[34.564702523483156,0.456468980320776],[34.57172156648317,0.456468980320776],[34.5811209804832,0.44346849232073],[34.581914437483185,0.430040757320737],[34.59229041448315,0.440660874320767],[34.602117074483196,0.447435777320775],[34.60913611748315,0.44645921432078],[34.61151648848317,0.444261949320773],[34.6174979334832,0.452867906320759],[34.62390662548318,0.458238999320767],[34.631291879483165,0.45427171432078],[34.633916390483186,0.451219956320754],[34.64929725048318,0.452623765320763],[34.664495004483165,0.458666245320783],[34.66992713248316,0.463243882320737],[34.672124398483156,0.465868394320748],[34.67914344148317,0.474840562320762],[34.68433142948316,0.483446519320748],[34.69812537548318,0.502428452320769],[34.721318734483184,0.507250230320776],[34.72852088248316,0.51182786732073],[34.7459159024832,0.536058824320773],[34.74854041448315,0.534838120320783],[34.753118050483174,0.539415757320737],[34.76654578548317,0.562853257320737],[34.77148963248316,0.563829820320732],[34.78052283648315,0.573046128320752],[34.80249549248315,0.585436265320763],[34.806890023483156,0.590868394320748],[34.81213904648319,0.608873765320763],[34.814885629483165,0.613634507320737],[34.83569861748315,0.638842027320775],[34.83789588248316,0.648058335320738],[34.8408866054832,0.657274644320748],[34.8421073084832,0.660631577320769],[34.84570838248316,0.66685716332074],[34.8577323084832,0.672472398320733],[34.86713172248317,0.681261460320738],[34.882695687483185,0.682238023320733],[34.89612342148319,0.686815660320744],[34.91229773848317,0.687853257320737],[34.92969275748316,0.709032456320754],[34.926335824483196,0.716417710320738],[34.923711312483185,0.727465074320773],[34.9429373864832,0.742662827320769],[34.94672156648317,0.747057359320761],[34.96631385148316,0.751024644320748],[34.99432898848317,0.744615952320769],[35.006291879483165,0.744860093320765],[35.0125174644832,0.751818101320734],[35.03711463248316,0.747423570320732],[35.06653357848318,0.771227281320759],[35.06592322648316,0.775438706320754],[35.06592322648316,0.783617417320781],[35.062932504483165,0.795641343320765],[35.047490609483184,0.809069077320769],[35.036138070483155,0.820055406320759],[35.0303397304832,0.822618882320737],[35.016728890483186,0.857469956320754],[35.015508187483185,0.864855210320738],[35.01953650748316,0.880419175320751],[34.999333871483195,0.881639878320752],[34.94312049248315,0.868822495320783],[34.9382987144832,0.85966722232075],[34.93689490648318,0.855638902320775],[34.9207205894832,0.848253648320733],[34.9019217614832,0.83903733932078],[34.8113455894832,0.810472886320779],[34.807927621483195,0.833055894320748],[34.80609656648317,0.836840074320773],[34.80029822648316,0.847643296320766],[34.798528207483166,0.851061265320763],[34.79388953548317,0.871019761320779],[34.79309607848318,0.874620835320738],[34.79028846148315,0.893053452320769],[34.79968787548318,0.902025620320783],[34.77112342148319,0.921434800320751],[34.73792029648319,0.940050523320733],[34.689519418483194,1.004625718320765],[34.6616873864832,1.043871324320773],[34.66089392948316,1.077257554320736],[34.6397147304832,1.088243882320737],[34.629521859483184,1.093431870320783]]]},"properties":{"OBJECTID":38,"ID_":1294,"COUNTY_NAM":"BUNGOMA","CONST_CODE":220,"CONSTITUEN":"KANDUYI","COUNTY_COD":39,"Shape_Leng":2.90276116927,"Shape_Area":0.24504475541}},
{"type":"Feature","geometry":{"type":"Polygon","coordinates":[[[34.377507699483196,0.771044175320751],[34.365300668483194,0.773058335320738],[34.31531287548318,0.76182786732073],[34.31189490648318,0.695055406320759],[34.27771521848319,0.677416245320783],[34.27612830448316,0.640673081320754],[34.1983084804832,0.624620835320738],[34.139287484483184,0.583055894320748],[34.1187186364832,0.520067613320746],[34.120122445483155,0.480272691320747],[34.089910043483194,0.455431382320737],[34.108525765483186,0.369615952320769],[34.05853797248317,0.32145921432078],[34.022099984483184,0.254625718320765],[33.913091195483155,0.10826341332074],[33.94989539448317,-0.028943617679263],[34.0191092614832,-0.028272230679252],[34.032903207483166,-0.016553480679252],[34.06268836348317,0.07042161732073],[34.0733084804832,0.099474351320734],[34.07294226948317,0.116625230320776],[34.09351111748315,0.128038804320736],[34.09833289448317,0.132616441320747],[34.105535043483194,0.133226792320781],[34.10370398848317,0.129625718320765],[34.10834266048317,0.127855699320773],[34.112309945483155,0.134264390320763],[34.11292029648319,0.150255601320734],[34.11151648848317,0.161669175320751],[34.1077323084832,0.180651109320761],[34.10632850048318,0.183458726320734],[34.11450721148315,0.209032456320754],[34.11731482848318,0.227037827320769],[34.117742074483196,0.240831773320733],[34.139104379483165,0.25505296432078],[34.1519217614832,0.276049058320777],[34.15991736748315,0.29185716332074],[34.16791297248317,0.29606858932078],[34.19012976948317,0.271471421320766],[34.20209266048317,0.265673081320754],[34.20630408648315,0.274462144320748],[34.205693734483184,0.282823960320738],[34.23572303148318,0.289659898320733],[34.2405448084832,0.294420640320763],[34.25232459348319,0.311022202320769],[34.2612967614832,0.307665269320748],[34.273320687483185,0.307054917320781],[34.28534461348317,0.306444566320747],[34.3101248864832,0.307238023320733],[34.317510140483186,0.306627671320766],[34.327336800483174,0.307848374320767],[34.3311209804832,0.308458726320734],[34.34033728948315,0.307238023320733],[34.362309945483155,0.30302659732075],[34.38293982848318,0.316271226320734],[34.38373328548317,0.319017808320777],[34.3843436364832,0.327440660320744],[34.38470984748317,0.330431382320737],[34.38513709348319,0.337816636320779],[34.41492225048318,0.364855210320738],[34.41748572648316,0.36607591332074],[34.40912391048317,0.382860581320754],[34.389287484483184,0.395067613320746],[34.37891150748316,0.403063218320765],[34.36792517948316,0.401842515320763],[34.35193396848319,0.415026109320761],[34.35193396848319,0.428636949320773],[34.36292029648319,0.437242906320759],[34.366521371483195,0.447069566320747],[34.367742074483196,0.451647202320769],[34.38550330448316,0.486254136320779],[34.385930550483174,0.490038316320747],[34.395085824483196,0.497423570320732],[34.400090707483166,0.497667710320738],[34.40833045348318,0.507616441320747],[34.39349891048317,0.532457749320767],[34.380742562483185,0.545458238320746],[34.374700082483166,0.552050035320744],[34.37714148848317,0.576219956320754],[34.371343148483156,0.596056382320737],[34.382512582483166,0.628038804320736],[34.3843436364832,0.632067124320767],[34.388921273483156,0.643663804320736],[34.39209510148316,0.644274156320759],[34.41473914448317,0.655870835320738],[34.413091195483155,0.669847886320779],[34.415898812483185,0.687426011320779],[34.40912391048317,0.712267320320732],[34.40570594148317,0.719835679320736],[34.4085135584832,0.724474351320734],[34.4273123864832,0.753221910320744],[34.421086800483174,0.757067124320767],[34.409490121483195,0.758043687320762],[34.3884940274832,0.764269273320733],[34.38232947648316,0.771654527320775],[34.377507699483196,0.771044175320751]]]},"properties":{"OBJECTID":39,"ID_":1295,"COUNTY_NAM":"BUSIA","CONST_CODE":225,"CONSTITUEN":"TESO NORTH","COUNTY_COD":40,"Shape_Leng":2.57838796438,"Shape_Area":0.14764386658}},
{"type":"Feature","geometry":{"type":"Polygon","coordinates":[[[34.273320687483185,0.307054917320781],[34.2612967614832,0.307665269320748],[34.25232459348319,0.311022202320769],[34.2405448084832,0.294420640320763],[34.23572303148318,0.289659898320733],[34.205693734483184,0.282823960320738],[34.20630408648315,0.274462144320748],[34.20209266048317,0.265673081320754],[34.19012976948317,0.271471421320766],[34.16791297248317,0.29606858932078],[34.15991736748315,0.29185716332074],[34.1519217614832,0.276049058320777],[34.139104379483165,0.25505296432078],[34.117742074483196,0.240831773320733],[34.11731482848318,0.227037827320769],[34.11450721148315,0.209032456320754],[34.10632850048318,0.183458726320734],[34.1077323084832,0.180651109320761],[34.11151648848317,0.161669175320751],[34.11292029648319,0.150255601320734],[34.112309945483155,0.134264390320763],[34.10834266048317,0.127855699320773],[34.10370398848317,0.129625718320765],[34.105535043483194,0.133226792320781],[34.09833289448317,0.132616441320747],[34.09351111748315,0.128038804320736],[34.07294226948317,0.116625230320776],[34.0733084804832,0.099474351320734],[34.06268836348317,0.07042161732073],[34.032903207483166,-0.016553480679252],[34.0191092614832,-0.028272230679252],[33.94989539448317,-0.028943617679263],[33.983708871483195,-0.131238539679262],[33.94849158648315,-0.340467054679268],[34.221318734483184,-0.340467054679268],[34.2468924644832,-0.355969984679237],[34.2713065274832,-0.417737562679238],[34.27893592148319,-0.425244886679254],[34.281499398483156,-0.426831800679227],[34.3023123864832,-0.430554945679264],[34.3179373864832,-0.42463453567922],[34.422490609483184,-0.337232191679223],[34.483708871483195,-0.301160414679262],[34.480901254483165,-0.293164808679253],[34.46252967148319,-0.236341078679234],[34.43231726948317,-0.146558363679221],[34.42914344148317,-0.138440687679238],[34.417119515483186,-0.091382582679219],[34.41693641048317,-0.087476332679219],[34.42529822648316,-0.070264418679246],[34.44153357848318,-0.059461195679264],[34.44470740648318,-0.05744703567922],[34.45288611748315,-0.051160414679262],[34.45850135148316,-0.047864515679239],[34.475896371483195,-0.03986891067922],[34.5003104334832,-0.030164320679264],[34.5115409024832,-0.027356703679234],[34.53711463248316,-0.000562269679224],[34.53992225048318,0.00505296432078],[34.54370642948316,0.007250230320776],[34.546086800483174,0.014635484320761],[34.55054236748315,0.023668687320762],[34.550115121483195,0.030870835320738],[34.55933142948316,0.049852769320748],[34.558293832483166,0.075426499320767],[34.556890023483156,0.093248765320763],[34.55249549248315,0.110033433320777],[34.55273963248316,0.120226304320736],[34.5491385584832,0.130663316320747],[34.54150916448315,0.136217515320763],[34.53333045348318,0.132433335320738],[34.529912484483184,0.125231187320762],[34.521916879483165,0.123033921320766],[34.50092078548317,0.122850816320747],[34.50189734748317,0.115648667320781],[34.50012732848318,0.110033433320777],[34.47510291448315,0.102465074320773],[34.47693396848319,0.115831773320733],[34.46851111748315,0.118639390320763],[34.46429969148317,0.120470445320732],[34.45770789448317,0.124254624320767],[34.465093148483156,0.127855699320773],[34.472722543483194,0.129076402320775],[34.480718148483156,0.135240952320769],[34.484929574483196,0.138842027320775],[34.47730017948316,0.153246324320773],[34.474309457483166,0.154467027320775],[34.45251990648318,0.150865952320769],[34.44312049248315,0.145616929320736],[34.430303109483184,0.145861070320732],[34.43494178148318,0.154222886320779],[34.430303109483184,0.176866929320736],[34.41473914448317,0.198839585320738],[34.4119315274832,0.19645921432078],[34.389287484483184,0.188036363320746],[34.39111853948315,0.191271226320734],[34.391911996483195,0.20787278832074],[34.39111853948315,0.214464585320738],[34.3862967614832,0.223070542320781],[34.38489295348318,0.226427476320734],[34.39929725048318,0.234850327320769],[34.399724496483195,0.261217515320763],[34.390508187483185,0.269274156320759],[34.395513070483155,0.283434312320762],[34.38348914448317,0.297472398320733],[34.362309945483155,0.30302659732075],[34.34033728948315,0.307238023320733],[34.3311209804832,0.308458726320734],[34.327336800483174,0.307848374320767],[34.317510140483186,0.306627671320766],[34.3101248864832,0.307238023320733],[34.28534461348317,0.306444566320747],[34.273320687483185,0.307054917320781]]]},"properties":{"OBJECTID":40,"ID_":2082,"COUNTY_NAM":"SIAYA","CONST_CODE":232,"CONSTITUEN":"UGENYA","COUNTY_COD":41,"Shape_Leng":2.80244601296,"Shape_Area":0.28583735592}},
{"type":"Feature","geometry":{"type":"Polygon","coordinates":[[[34.7879080894832,-0.326673109679237],[34.758916390483186,-0.299329359679237],[34.755742562483185,-0.292371351679267],[34.73474646848319,-0.277844984679237],[34.704289925483174,-0.259229261679254],[34.5557303554832,-0.271253187679238],[34.53088904648319,-0.273084242679263],[34.483708871483195,-0.301160414679262],[34.422490609483184,-0.337232191679223],[34.3179373864832,-0.42463453567922],[34.3023123864832,-0.430554945679264],[34.281499398483156,-0.426831800679227],[34.27893592148319,-0.425244886679254],[34.2713065274832,-0.417737562679238],[34.2468924644832,-0.355969984679237],[34.21234656648317,-0.340467054679268],[33.94849158648315,-0.340467054679268],[33.925115121483195,-0.468335707679219],[33.91772986748315,-0.570264418679246],[33.92651892948316,-0.807263929679268],[34.080327523483156,-0.807630140679239],[34.088323129483165,-0.787061293679246],[34.17310096148315,-0.762769300679227],[34.1839041834832,-0.753552992679263],[34.19092322648316,-0.748181898679266],[34.193913949483196,-0.746656019679224],[34.20313025748316,-0.74915846167926],[34.205327523483156,-0.755445082679219],[34.22089148848317,-0.773755629679217],[34.24994422248317,-0.810742933679253],[34.25354529648319,-0.813367445679264],[34.25952674248315,-0.823438246679248],[34.27551795348318,-0.827161390679239],[34.28491736748315,-0.827039320679264],[34.296941293483194,-0.838636000679233],[34.307744515483186,-0.851880629679274],[34.3179373864832,-0.864331800679227],[34.3386893394832,-0.85926588267927],[34.344914925483174,-0.856763441679223],[34.382146371483195,-0.84846266067922],[34.384099496483195,-0.846265394679224],[34.39349891048317,-0.831555922679231],[34.39111853948315,-0.818738539679262],[34.403325570483155,-0.823865492679263],[34.41614295348318,-0.831250746679248],[34.44550086348317,-0.849073011679254],[34.465093148483156,-0.860730726679267],[34.464726937483185,-0.842359144679224],[34.469731820483155,-0.827954847679225],[34.4761405114832,-0.813367445679264],[34.48474646848319,-0.795972425679227],[34.4949393394832,-0.78114088267927],[34.50232459348319,-0.773633558679253],[34.5093436364832,-0.76643141067922],[34.526494515483186,-0.74775465267925],[34.53534461348317,-0.73518141067922],[34.53491736748315,-0.723950941679223],[34.534307015483186,-0.709180433679253],[34.53711463248316,-0.703137953679234],[34.538091195483155,-0.699231703679234],[34.54950476948317,-0.686780531679235],[34.55994178148318,-0.674268324679249],[34.58392859748317,-0.653943617679263],[34.588506234483184,-0.65223463267927],[34.610539925483174,-0.652478773679266],[34.621343148483156,-0.65614088267927],[34.66010047248317,-0.604566175679227],[34.68591834348319,-0.603162367679263],[34.6917166834832,-0.595838148679266],[34.695928109483184,-0.592664320679264],[34.70111609748317,-0.579480726679267],[34.7027030114832,-0.576428968679241],[34.711492074483196,-0.567578871679248],[34.7117362144832,-0.56416090267925],[34.716130746483195,-0.560071547679231],[34.72009803148318,-0.561048109679237],[34.74451209348319,-0.560132582679219],[34.789128793483194,-0.533582289679262],[34.81848670348318,-0.520032484679237],[34.858708871483195,-0.505261976679267],[34.88489295348318,-0.488050062679238],[34.91229773848317,-0.479566175679227],[34.92792273848317,-0.471936781679235],[34.9363455894832,-0.467664320679264],[34.94092322648316,-0.465467054679268],[34.95874549248315,-0.45087965267925],[34.9783377774832,-0.438367445679264],[34.98950721148315,-0.434033949679249],[35.014104379483165,-0.418042738679221],[35.02112342148319,-0.410230238679221],[35.0178885584832,-0.397473890679239],[35.007146371483195,-0.399732191679223],[34.99872351948317,-0.40595777767925],[34.980718148483156,-0.413831312679238],[34.971135629483165,-0.412976820679264],[34.9404959804832,-0.414075453679234],[34.938115609483184,-0.412366468679241],[34.9229178554832,-0.403943617679263],[34.91492225048318,-0.402967054679268],[34.8975272304832,-0.394666273679266],[34.882512582483166,-0.396741468679241],[34.87549353948315,-0.396863539679262],[34.87268592148319,-0.395764906679235],[34.855535043483194,-0.392652113679221],[34.82849646848319,-0.38856275767927],[34.82513953548317,-0.38197096167926],[34.8233084804832,-0.373975355679252],[34.819341195483155,-0.366834242679263],[34.7879080894832,-0.326673109679237]]]},"properties":{"OBJECTID":41,"ID_":3888,"COUNTY_NAM":"HOMA BAY","CONST_CODE":248,"CONSTITUEN":"RANGWE","COUNTY_COD":43,"Shape_Leng":3.30089166438,"Shape_Area":0.38431715409}},
{"type":"Feature","geometry":{"type":"Polygon","coordinates":[[[34.610539925483174,-0.652478773679266],[34.588506234483184,-0.65223463267927],[34.58392859748317,-0.653943617679263],[34.55994178148318,-0.674268324679249],[34.54950476948317,-0.686780531679235],[34.538091195483155,-0.699231703679234],[34.53711463248316,-0.703137953679234],[34.534307015483186,-0.709180433679253],[34.53491736748315,-0.723950941679223],[34.53534461348317,-0.73518141067922],[34.526494515483186,-0.74775465267925],[34.5093436364832,-0.76643141067922],[34.50232459348319,-0.773633558679253],[34.4949393394832,-0.78114088267927],[34.48474646848319,-0.795972425679227],[34.4761405114832,-0.813367445679264],[34.469731820483155,-0.827954847679225],[34.464726937483185,-0.842359144679224],[34.465093148483156,-0.860730726679267],[34.44550086348317,-0.849073011679254],[34.41614295348318,-0.831250746679248],[34.403325570483155,-0.823865492679263],[34.39111853948315,-0.818738539679262],[34.39349891048317,-0.831555922679231],[34.384099496483195,-0.846265394679224],[34.382146371483195,-0.84846266067922],[34.344914925483174,-0.856763441679223],[34.3386893394832,-0.85926588267927],[34.3179373864832,-0.864331800679227],[34.307744515483186,-0.851880629679274],[34.296941293483194,-0.838636000679233],[34.28491736748315,-0.827039320679264],[34.27551795348318,-0.827161390679239],[34.25952674248315,-0.823438246679248],[34.25354529648319,-0.813367445679264],[34.24994422248317,-0.810742933679253],[34.22089148848317,-0.773755629679217],[34.205327523483156,-0.755445082679219],[34.20313025748316,-0.74915846167926],[34.193913949483196,-0.746656019679224],[34.19092322648316,-0.748181898679266],[34.1839041834832,-0.753552992679263],[34.17310096148315,-0.762769300679227],[34.088323129483165,-0.787061293679246],[34.080327523483156,-0.807630140679239],[33.92651892948316,-0.807263929679268],[33.934697640483186,-1.002576429679268],[34.01892615648318,-1.003430922679231],[34.046086800483174,-1.045850355679252],[34.080327523483156,-1.021863539679262],[34.48969031648317,-1.250745375679233],[34.7315116054832,-1.389356214679256],[34.711492074483196,-1.308667738679221],[34.696294320483155,-1.252637464679256],[34.673528207483166,-1.211377699679249],[34.67133094148317,-1.199842054679268],[34.643743050483174,-1.168836195679264],[34.631108773483156,-1.13166578567922],[34.62714148848317,-1.119763929679268],[34.620122445483155,-1.097241957679219],[34.614934457483166,-1.089429457679219],[34.61853553148318,-1.077466566679223],[34.6011405114832,-1.058545668679247],[34.59351111748315,-1.044141371679248],[34.59052039448317,-1.017530043679247],[34.63452674248315,-0.965467054679268],[34.627507699483196,-0.955457289679262],[34.62494422248317,-0.949170668679246],[34.623296273483156,-0.934583265679239],[34.615117562483185,-0.883252699679249],[34.61713172248317,-0.878736097679225],[34.61328650748316,-0.863233168679246],[34.61169959348319,-0.851941664679262],[34.62250281648317,-0.836865980679252],[34.62354041448315,-0.824964125679233],[34.62494422248317,-0.786939222679225],[34.62671424248315,-0.75697096167926],[34.62909461348317,-0.753369886679254],[34.62891150748316,-0.735242445679264],[34.62891150748316,-0.732068617679263],[34.6384940274832,-0.685071547679231],[34.63794471148315,-0.676465589679256],[34.63550330448316,-0.668958265679239],[34.621343148483156,-0.65614088267927],[34.610539925483174,-0.652478773679266]]]},"properties":{"OBJECTID":42,"ID_":5443,"COUNTY_NAM":"MIGORI","CONST_CODE":260,"CONSTITUEN":"KURIA EAST","COUNTY_COD":44,"Shape_Leng":2.9681189429,"Shape_Area":0.25500213176}},
{"type":"Feature","geometry":{"type":"Polygon","coordinates":[[[34.7869315274832,-0.675855238679221],[34.78973914448317,-0.674451429679268],[34.81030799248315,-0.663465101679267],[34.81268836348317,-0.642163832679219],[34.82050086348317,-0.627881605679252],[34.850896371483195,-0.600049574679249],[34.88513709348319,-0.59736402767925],[34.882695687483185,-0.594068129679217],[34.876103890483186,-0.579175550679227],[34.87689734748317,-0.555066664679262],[34.87689734748317,-0.551038343679241],[34.858708871483195,-0.505261976679267],[34.81848670348318,-0.520032484679237],[34.789128793483194,-0.533582289679262],[34.74451209348319,-0.560132582679219],[34.72009803148318,-0.561048109679237],[34.716130746483195,-0.560071547679231],[34.7117362144832,-0.56416090267925],[34.711492074483196,-0.567578871679248],[34.7027030114832,-0.576428968679241],[34.70111609748317,-0.579480726679267],[34.695928109483184,-0.592664320679264],[34.6917166834832,-0.595838148679266],[34.68591834348319,-0.603162367679263],[34.660710824483196,-0.605664808679253],[34.63550330448316,-0.668958265679239],[34.63794471148315,-0.676465589679256],[34.6384940274832,-0.685071547679231],[34.62891150748316,-0.732068617679263],[34.62891150748316,-0.735242445679264],[34.62909461348317,-0.753369886679254],[34.62671424248315,-0.75697096167926],[34.62494422248317,-0.786939222679225],[34.62354041448315,-0.824964125679233],[34.62250281648317,-0.836865980679252],[34.61169959348319,-0.851941664679262],[34.61328650748316,-0.863233168679246],[34.61713172248317,-0.878736097679225],[34.615117562483185,-0.883252699679249],[34.623296273483156,-0.934583265679239],[34.62494422248317,-0.949170668679246],[34.627507699483196,-0.955457289679262],[34.63452674248315,-0.965467054679268],[34.656499398483156,-0.968946058679253],[34.67749549248315,-0.97346266067922],[34.7503104334832,-0.956433851679267],[35.001286996483195,-0.893567640679239],[34.98914100048318,-0.848828871679248],[34.9461112144832,-0.776746351679267],[34.922307504483165,-0.761975843679241],[34.89789344148317,-0.748365004679217],[34.8687186364832,-0.734876234679237],[34.850896371483195,-0.722241957679219],[34.82312537548318,-0.696729261679254],[34.81512976948317,-0.691541273679266],[34.80249549248315,-0.69025953567922],[34.793523324483196,-0.687573988679221],[34.78973914448317,-0.678235609679237],[34.7869315274832,-0.675855238679221]]]},"properties":{"OBJECTID":43,"ID_":4405,"COUNTY_NAM":"KISII","CONST_CODE":267,"CONSTITUEN":"NYARIBARI CHACHE","COUNTY_COD":45,"Shape_Leng":1.67945950816,"Shape_Area":0.10641196741}},
{"type":"Feature","geometry":{"type":"MultiPolygon","coordinates":[[[[35.35053016048317,-0.974683363679221],[35.35230017948316,-0.971753675679227],[35.35150672248317,-0.968152601679267],[35.355718148483156,-0.969129164679262],[35.36328650748316,-0.971265394679224],[35.36932898848317,-0.974073011679254],[35.382512582483166,-0.961072523679266],[35.3941092614832,-0.958081800679227],[35.40833045348318,-0.949475843679241],[35.4260916834832,-0.911756117679263],[35.431706918483194,-0.897168714679256],[35.439519418483194,-0.896070082679219],[35.44672156648317,-0.884351332679219],[35.45850135148316,-0.876172621679248],[35.4617362144832,-0.87385328567922],[35.46771766048317,-0.864270765679239],[35.47974158648315,-0.849744398679266],[35.48291541448315,-0.838452894679224],[35.49573279648319,-0.828137953679234],[35.498113168483194,-0.82533033667926],[35.534490121483195,-0.803235609679237],[35.53870154648319,-0.799146254679274],[35.545537484483184,-0.785474379679217],[35.54248572648316,-0.783155043679246],[35.53070594148317,-0.777661879679217],[35.51953650748316,-0.775464613679221],[35.49213172248317,-0.768079359679237],[35.466496957483166,-0.752637464679256],[35.44409705448316,-0.734937269679224],[35.44031287548318,-0.731763441679223],[35.430303109483184,-0.723828871679248],[35.42310096148315,-0.711438734679237],[35.412724984483184,-0.684339125679233],[35.40430213248316,-0.662549574679249],[35.40173865648318,-0.655042250679233],[35.404912484483184,-0.643262464679256],[35.43573523848317,-0.634229261679254],[35.4937186364832,-0.617566664679262],[35.50531531648317,-0.613660414679262],[35.58789588248316,-0.589673597679225],[35.58630896848319,-0.58674391067922],[35.570928109483184,-0.560865004679217],[35.561101449483196,-0.544446547679231],[35.54932166448315,-0.524182875679233],[35.54370642948316,-0.514661390679239],[35.5379080894832,-0.504956800679227],[35.512700570483155,-0.464368422679231],[35.48450232848318,-0.418164808679253],[35.479131234483184,-0.409070570679264],[35.46948767948316,-0.405347425679227],[35.455144418483194,-0.42176588267927],[35.45349646848319,-0.42493971167926],[35.44348670348318,-0.430432875679233],[35.440740121483195,-0.434156019679224],[35.4363455894832,-0.43934400767927],[35.43530799248315,-0.443372328679234],[35.4285330894832,-0.456250746679248],[35.40991736748315,-0.460950453679234],[35.37689734748317,-0.481458265679239],[35.370305550483174,-0.484937269679224],[35.311711800483174,-0.505261976679267],[35.28552771848319,-0.491834242679263],[35.30090857848318,-0.426465589679256],[35.27710486748315,-0.41877516067922],[35.2647147304832,-0.424146254679217],[35.2612967614832,-0.424878675679227],[35.2515311364832,-0.421460707679219],[35.2293143394832,-0.435071547679231],[35.21869422248317,-0.452466566679223],[35.21893836348317,-0.455457289679262],[35.2139334804832,-0.470532972679225],[35.1785330894832,-0.495862562679238],[35.18433142948316,-0.504468519679224],[35.1885428554832,-0.50556715267925],[35.205327523483156,-0.553357679679268],[35.20209266048317,-0.555371839679256],[35.203740609483184,-0.566052992679263],[35.23474646848319,-0.592542250679233],[35.22888709348319,-0.608472425679227],[35.229131234483184,-0.612744886679254],[35.20752478948315,-0.632947523679266],[35.19794226948317,-0.642835218679241],[35.1795096524832,-0.654431898679266],[35.17749549248315,-0.657361585679271],[35.164128793483194,-0.657666761679254],[35.15051795348318,-0.660474379679217],[35.141911996483195,-0.66096266067922],[35.13452674248315,-0.660474379679217],[35.131108773483156,-0.661939222679225],[35.10632850048318,-0.657971937679238],[35.097722543483194,-0.658032972679225],[35.08490516048317,-0.617261488679221],[35.086492074483196,-0.60926588267927],[35.07349158648315,-0.599866468679241],[35.06714392948316,-0.612073500679233],[35.05609656648317,-0.654431898679266],[35.065740121483195,-0.679883558679253],[35.069524300483174,-0.695874769679224],[35.056890023483156,-0.699353773679266],[35.05292273848317,-0.701734144679224],[35.061711800483174,-0.73713453567922],[35.074101937483185,-0.764539320679264],[35.0921073084832,-0.803357679679268],[35.034307015483186,-0.848157484679237],[35.0269217614832,-0.84754713267927],[35.0225272304832,-0.853040297679231],[35.02533484748317,-0.859876234679237],[35.02612830448316,-0.863538343679241],[35.0213065274832,-0.872449476679267],[35.014104379483165,-0.887036879679274],[35.0134940274832,-0.89033277767925],[35.083318246483195,-0.906934339679256],[35.0999198084832,-0.920667250679233],[35.10950232848318,-0.928662855679252],[35.11914588248316,-0.936841566679223],[35.16370154648319,-0.973645765679239],[35.182927621483195,-0.989453871679248],[35.222905648483156,-1.021436293679247],[35.2459159024832,-1.036878187679238],[35.24890662548318,-1.034253675679227],[35.25671912548318,-1.029981214679256],[35.2593436364832,-1.026868422679231],[35.26630164448317,-1.022229750679233],[35.2703299644832,-1.023877699679249],[35.27728797248317,-1.019239027679251],[35.2822928554832,-1.014051039679262],[35.2913260584832,-1.010266859679237],[35.300115121483195,-1.004346449679249],[35.31531287548318,-0.996045668679246],[35.32153846148315,-0.988843519679224],[35.33252478948315,-0.984571058679253],[35.33533240648318,-0.977979261679254],[35.34729529648319,-0.973157484679237],[35.35053016048317,-0.974683363679221]]],[[[35.35053016048317,-0.974683363679221],[35.34833289448317,-0.976575453679234],[35.3511405114832,-0.978772718679241],[35.35053016048317,-0.974683363679221]]]]},"properties":{"OBJECTID":44,"ID_":4923,"COUNTY_NAM":"BOMET","CONST_CODE":195,"CONSTITUEN":"CHEPALUNGU","COUNTY_COD":36,"Shape_Leng":2.72406675872,"Shape_Area":0.19238263931}},
{"type":"Feature","geometry":{"type":"Polygon","coordinates":[[[35.0413260584832,-0.478040297679231],[35.04334021848319,-0.463636000679233],[35.04272986748315,-0.459546644679224],[35.039495004483165,-0.435376722679225],[35.014104379483165,-0.418042738679221],[34.98950721148315,-0.434033949679249],[34.9783377774832,-0.438367445679264],[34.95874549248315,-0.45087965267925],[34.94092322648316,-0.465467054679268],[34.9363455894832,-0.467664320679264],[34.92792273848317,-0.471936781679235],[34.91229773848317,-0.479566175679227],[34.88489295348318,-0.488050062679238],[34.87689734748317,-0.551038343679241],[34.87689734748317,-0.555066664679262],[34.876103890483186,-0.579175550679227],[34.882695687483185,-0.594068129679217],[34.88513709348319,-0.59736402767925],[34.850896371483195,-0.600049574679249],[34.82050086348317,-0.627881605679252],[34.81268836348317,-0.642163832679219],[34.81030799248315,-0.663465101679267],[34.78973914448317,-0.674451429679268],[34.78210975048318,-0.675183851679267],[34.78510047248317,-0.680371839679256],[34.78973914448317,-0.678235609679237],[34.793523324483196,-0.687573988679221],[34.80249549248315,-0.69025953567922],[34.81512976948317,-0.691541273679266],[34.82312537548318,-0.696729261679254],[34.850896371483195,-0.722241957679219],[34.8687186364832,-0.734876234679237],[34.89789344148317,-0.748365004679217],[34.922307504483165,-0.761975843679241],[34.9461112144832,-0.776746351679267],[34.98914100048318,-0.848828871679248],[35.014104379483165,-0.887036879679274],[35.0213065274832,-0.872449476679267],[35.02612830448316,-0.863538343679241],[35.02533484748317,-0.859876234679237],[35.0225272304832,-0.853040297679231],[35.0269217614832,-0.84754713267927],[35.034307015483186,-0.848157484679237],[35.09192420348318,-0.803235609679237],[35.074101937483185,-0.764539320679264],[35.061711800483174,-0.73713453567922],[35.05292273848317,-0.701734144679224],[35.056890023483156,-0.699353773679266],[35.069524300483174,-0.695874769679224],[35.065740121483195,-0.679883558679253],[35.05609656648317,-0.654431898679266],[35.057744515483186,-0.619763929679268],[35.050115121483195,-0.538648207679219],[35.05310584348319,-0.535535414679262],[35.0510916834832,-0.527844984679237],[35.05310584348319,-0.516675550679227],[35.034490121483195,-0.487744886679254],[35.0413260584832,-0.478040297679231]]]},"properties":{"OBJECTID":45,"ID_":3966,"COUNTY_NAM":"NYAMIRA","CONST_CODE":272,"CONSTITUEN":"NORTH MUGIRANGO","COUNTY_COD":46,"Shape_Leng":1.44616032887,"Shape_Area":0.07281816374}},
{"type":"Feature","geometry":{"type":"Polygon","coordinates":[[[34.808293832483166,-0.021131117679263],[34.81073523848317,-0.013867933679253],[34.80933142948316,-0.011243422679231],[34.82568885148316,0.015062730320776],[34.82294226948317,0.022020738320746],[34.81091834348319,0.010668199320773],[34.79388953548317,-0.001782972679225],[34.784307015483186,-0.012036879679217],[34.779912484483184,-0.018140394679224],[34.7725272304832,-0.016858656679235],[34.765508187483185,-0.01746900767927],[34.75671912548318,-0.028943617679263],[34.73950721148315,-0.024182875679233],[34.73291541448315,-0.013257582679219],[34.717900765483186,-0.009229261679254],[34.7136893394832,-0.015637953679234],[34.696294320483155,-0.02064283667926],[34.68909217148319,-0.011548597679225],[34.686101449483196,-0.012281019679224],[34.672307504483165,-0.015943129679217],[34.652898324483196,-0.007337172679231],[34.64130164448317,-0.003369886679254],[34.6209159024832,0.000475327320769],[34.613530648483156,-0.000379164679262],[34.59229041448315,-0.007459242679263],[34.589543832483166,-0.01356275767927],[34.57373572648316,-0.039258558679253],[34.56268836348317,-0.037976820679264],[34.56213904648319,-0.03095777767925],[34.5491385584832,-0.023877699679249],[34.536138070483155,-0.018079359679237],[34.5115409024832,-0.027356703679234],[34.5003104334832,-0.030164320679264],[34.475896371483195,-0.03986891067922],[34.45850135148316,-0.047864515679239],[34.45288611748315,-0.051160414679262],[34.44470740648318,-0.05744703567922],[34.44153357848318,-0.059461195679264],[34.42529822648316,-0.070264418679246],[34.41693641048317,-0.087476332679219],[34.417119515483186,-0.091382582679219],[34.43231726948317,-0.146558363679221],[34.46252967148319,-0.236341078679234],[34.480901254483165,-0.293164808679253],[34.53088904648319,-0.273084242679263],[34.5557303554832,-0.271253187679238],[34.704106820483155,-0.259229261679254],[34.73474646848319,-0.277844984679237],[34.755742562483185,-0.292371351679267],[34.758916390483186,-0.299329359679237],[34.7879080894832,-0.326673109679237],[34.819341195483155,-0.366834242679263],[34.8233084804832,-0.373975355679252],[34.82513953548317,-0.38197096167926],[34.82849646848319,-0.38856275767927],[34.855535043483194,-0.392652113679221],[34.87268592148319,-0.395764906679235],[34.87549353948315,-0.396863539679262],[34.882512582483166,-0.396741468679241],[34.8975272304832,-0.394666273679266],[34.91492225048318,-0.402967054679268],[34.9229178554832,-0.403943617679263],[34.938115609483184,-0.412366468679241],[34.9404959804832,-0.414075453679234],[34.971135629483165,-0.412976820679264],[34.980718148483156,-0.413831312679238],[34.99872351948317,-0.40595777767925],[35.007146371483195,-0.399732191679223],[35.010320199483196,-0.386548597679225],[35.007146371483195,-0.37293775767927],[35.006108773483156,-0.354566175679227],[35.01050330448316,-0.331433851679267],[35.02551795348318,-0.323255140679239],[35.042302621483195,-0.30775221167926],[35.04950476948317,-0.300244886679254],[35.051946175483174,-0.291455824679249],[35.0523123864832,-0.287244398679266],[35.05292273848317,-0.278577406679235],[35.0557303554832,-0.26356275767927],[35.05713416448315,-0.254773695679264],[35.0589041834832,-0.234632093679241],[35.06189490648318,-0.224439222679225],[35.064702523483156,-0.217237074679249],[35.073918832483166,-0.209363539679262],[35.10388709348319,-0.201856214679256],[35.11810828548317,-0.176343519679224],[35.126286996483195,-0.160535414679262],[35.14929725048318,-0.163343031679235],[35.157536996483195,-0.166333754679217],[35.1707205894832,-0.16395338267927],[35.178716195483155,-0.165052015679239],[35.189885629483165,-0.162366468679241],[35.21552039448317,-0.175366957679219],[35.227727425483174,-0.19697340267925],[35.245305550483174,-0.204053480679252],[35.25793982848318,-0.221875746679248],[35.26068641048317,-0.223279554679268],[35.26190711348317,-0.229749281679235],[35.26294471148315,-0.232434828679234],[35.2835135584832,-0.238050062679238],[35.30591346148315,-0.240430433679253],[35.33612586348317,-0.242749769679224],[35.334538949483196,-0.202466566679223],[35.33130408648315,-0.177136976679267],[35.2966971524832,-0.176465589679256],[35.28729773848317,-0.16004713267927],[35.26050330448316,-0.132459242679263],[35.24609900748316,-0.120740492679263],[35.233525765483186,-0.117566664679262],[35.229131234483184,-0.112256605679252],[35.22730017948316,-0.07197340267925],[35.227117074483196,-0.066052992679263],[35.2215018394832,-0.040540297679231],[35.2217459804832,-0.037366468679241],[35.20111609748317,-0.027478773679266],[35.187932504483165,-0.028882582679219],[35.16693641048317,-0.031873304679268],[35.148137582483166,-0.034253675679227],[35.135930550483174,-0.026746351679267],[35.12372351948317,-0.018140394679224],[35.10809851948317,-0.007581312679238],[35.102727425483174,-0.014966566679223],[35.10352088248316,-0.023572523679266],[35.09729529648319,-0.030469496679248],[35.0921073084832,-0.044568617679263],[35.07190467148319,-0.058850843679241],[35.06592322648316,-0.066663343679241],[35.06049109748317,-0.057935316679223],[35.055303109483184,-0.054151136679254],[35.01050330448316,-0.054151136679254],[35.0081229334832,-0.039563734679237],[34.995305550483174,-0.022840101679267],[34.97888709348319,-0.02454908667926],[34.964726937483185,-0.032666761679254],[34.95129920348318,-0.03095777767925],[34.93591834348319,-0.035840589679256],[34.923894418483194,-0.036634047679231],[34.92011023848317,-0.033338148679266],[34.91089392948316,-0.028333265679239],[34.90692664448317,-0.02815016067922],[34.881108773483156,-0.026746351679267],[34.808293832483166,-0.021131117679263]]]},"properties":{"OBJECTID":46,"ID_":3371,"COUNTY_NAM":"KISUMU","CONST_CODE":244,"CONSTITUEN":"NYAKACH","COUNTY_COD":42,"Shape_Leng":2.85283474806,"Shape_Area":0.21632857436}},
{"type":"Feature","geometry":{"type":"Polygon","coordinates":[[[34.90692664448317,1.269030015320763],[34.83350135148316,1.263048570320732],[34.819524300483174,1.258470933320777],[34.79431678148318,1.219652574320773],[34.6707205894832,1.205675523320733],[34.66351844148317,1.189623277320775],[34.5867362144832,1.139269273320733],[34.60388709348319,1.116625230320776],[34.61151648848317,1.108019273320733],[34.629521859483184,1.093431870320783],[34.6397147304832,1.088243882320737],[34.66089392948316,1.077257554320736],[34.6616873864832,1.043871324320773],[34.689519418483194,1.004625718320765],[34.73792029648319,0.940050523320733],[34.77112342148319,0.921434800320751],[34.79968787548318,0.902025620320783],[34.79028846148315,0.893053452320769],[34.79309607848318,0.874620835320738],[34.79388953548317,0.871019761320779],[34.798528207483166,0.851061265320763],[34.80029822648316,0.847643296320766],[34.80609656648317,0.836840074320773],[34.807927621483195,0.833055894320748],[34.8113455894832,0.810472886320779],[34.9019217614832,0.83903733932078],[34.9207205894832,0.848253648320733],[34.93689490648318,0.855638902320775],[34.9382987144832,0.85966722232075],[34.94312049248315,0.868822495320783],[34.999333871483195,0.881639878320752],[35.020513070483155,0.889269273320733],[35.039311898483156,0.896471421320766],[35.04492713248316,0.900255601320734],[35.04810096148315,0.899034898320733],[35.05609656648317,0.898241441320747],[35.081914437483185,0.888842027320775],[35.1143241054832,0.892015855320776],[35.1174979334832,0.899034898320733],[35.118291390483186,0.906420152320775],[35.121343148483156,0.909655015320763],[35.13452674248315,0.918444077320769],[35.15173865648318,0.917833726320734],[35.18109656648317,0.921434800320751],[35.2158866054832,0.920458238320746],[35.23474646848319,0.92607347232075],[35.23608924248315,0.929064195320732],[35.244695199483196,0.933275620320783],[35.263921273483156,0.93443528832074],[35.27271033648315,0.93083421432078],[35.2757010584832,0.92466966332074],[35.281316293483194,0.919664781320759],[35.293523324483196,0.912462632320737],[35.297124398483156,0.901659410320744],[35.299932015483186,0.898058335320738],[35.308293832483166,0.893236558320777],[35.327336800483174,0.926256577320769],[35.349492562483185,0.919847886320779],[35.354497445483155,0.931627671320766],[35.360539925483174,0.94346849232073],[35.34448767948316,0.946642320320732],[35.3499198084832,0.977037827320769],[35.34851600048318,0.98942796432078],[35.34589148848317,0.996263902320775],[35.34412146848319,1.00364915632076],[35.36292029648319,1.017015855320776],[35.355535043483194,1.020861070320732],[35.34711219148317,1.023851792320781],[35.3311209804832,1.029222886320779],[35.30933142948316,1.038072984320761],[35.28174353948315,1.055468003320752],[35.26752234748317,1.063219468320765],[35.24994422248317,1.07042161732073],[35.20209266048317,1.117052476320734],[35.15228797248317,1.198229234320761],[35.11609412548318,1.186022202320769],[35.09174109748317,1.181871812320762],[35.0867362144832,1.172655503320752],[35.07971717148319,1.172838609320761],[35.0701346524832,1.17784349232073],[35.046941293483194,1.193041245320783],[35.042119515483186,1.196825425320751],[35.039495004483165,1.199449937320762],[35.04431678148318,1.21403733932078],[34.994695199483196,1.256822984320761],[34.9705252774832,1.246263902320775],[34.950322640483186,1.249620835320738],[34.93408728948315,1.25084153832074],[34.90692664448317,1.269030015320763]]]},"properties":{"OBJECTID":47,"ID_":667,"COUNTY_NAM":"TRANS NZOIA","CONST_CODE":137,"CONSTITUEN":"ENDEBESS","COUNTY_COD":26,"Shape_Leng":2.33533782345,"Shape_Area":0.20192419449}},
{"type":"Feature","geometry":null,"properties":{"OBJECTID":60,"ID_":0,"COUNTY_NAM":"","CONST_CODE":0,"CONSTITUEN":"","COUNTY_COD":0,"Shape_Leng":0.02935459334,"Shape_Area":0.00001042895}}
]}